name,feature_type,color,sequence
TetR,CDS,#808000,AAATCTAACAATGCGCTCATCGTCATCCTCGGCACCGTCACCCTGGATGCTGTAGGCATAGGCTTGGTTATGCCGGTACTGCCGGGCCTCTTGCGGGATATCGTCCATTCCGACAGCATCGCCAGTCACTATGGCGTGCTGCTAGCGCTATATGCGTTGATGCAATTTCTATGCGCACCCGTTCTCGGAGCACTGTCCGACCGCTTTGGCCGCCGCCCAGTCCTGCTCGCTTCGCTACTTGGAGCCACTATCGACTACGCGATCATGGCGACCACACCCGTCCTGTGGATNCTCTACGCCGGACGCATCGTGGCCGGCATCACCGGCGCCACAGGTGCGGTTGCTGGCGCCTATATCGCCGACATCACCGATGGGGAAGATCGGGCTCGCCACTTCGGGCTCATGAGCGCTTGTTTCGGCGTGGGTATGGTGGCAGGCCCCGTGGCCGGGGGACTGTTGGGCGCCATCTCCTTGCATGCACCATTCCTTGCGGCGGCGGTGCTCAACGGCCTCAACCTACTACTGGGCTGCTTCCTAATGCAGGAGTCGCATAAGGGAGAGCGTCGNCCGATGCCCTTGAGAGCCTTCAACCCAGTCAGCTCCTTCCGGTGGGCGCGGGGCATGACTATCGTCGCCGCACTTATGACTGTCTTCTTTATCATGCAACTCGTAGGACAGGTGCCGGCAGCGCTCTGGGTCATTTTCGGCGAGGACCGCTTTCGCTGGAGCGCGACGATGATCGGCCTGTCGCTTGCGGTATTCGGAATCTTGCACGCCCTCGCTCAAGCCTTCGTCACTGGTCCCGCCACCAAACGTTTCGGCGAGAAGCAGGCCATTATCGCCGGCATGGCGGCCGACGCGCTGGGCTACGTCTTGCTGGCGTTCGCGACGCGAGGCTGGATGGCCTTCCCCATTATGATTCTTCTCGCTTCCGGCGGCATCGGGATGCCCGCGTTGCAGGCCATGCTGTCCAGGCAGGTAGATGACGACCATCAGGGACAGCTTCAAGGATCGCTCGCGGCTCTTACCAGCCTAACTTCGATCANTGGACCGCTGATCGTCACGGCGATTTATGCCGCCTCGGCGAGCACATGGAACGGGTTGGCATGGATTGTAGGCGCCGCCCTATACCTTGTCTGCCTCCCCGCGTTGCGTCGCGGTGCATGGAGCCGGGCCACCTCGACC
"LuxR, C0062",CDS,#6699ff,ATGAAAAACATAAATGCCGACGACACATACAGAATAATTAATAAAATTAAAGCTTGTAGAAGCAATAATGATATTAATCAATGCTTATCTGATATGACTAAAATGGTACATTGTGAATATTATTTACTCGCGATCATTTATCCTCATTCTATGGTTAAATCTGATATTTCAATCCTAGATAATTACCCTAAAAAATGGAGGCAATATTATGATGACGCTAATTTAATAAAATATGATCCTATAGTAGATTATTCTAACTCCAATCATTCACCAATTAATTGGAATATATTTGAAAACAATGCTGTAAATAAAAAATCTCCAAATGTAATTAAAGAAGCGAAAACATCAGGTCTTATCACTGGGTTTAGTTTCCCTATTCATACGGCTAACAATGGCTTCGGAATGCTTAGTTTTGCACATTCAGAAAAAGACAACTATATAGATAGTTTATTTTTACATGCGTGTATGAACATACCATTAATTGTTCCTTCTCTAGTTGATAATTATCGAAAAATAAATATAGCAAATAATAAATCAAACAACGATTTAACCAAAAGAGAAAAAGAATGTTTAGCGTGGGCATGCGAAGGAAAAAGCTCTTGGGATATTTCAAAAATATTAGGTTGCAGTGAGCGTACTGTCACTTTCCATTTAACCAATGCGCAAATGAAACTCAATACAACAAACCGCTGCCAAAGTATTTCTAAAGCAATTTTAACAGGAGCAATTGATTGCCCATACTTTAAAAAT
"smURFP, ANW47198",CDS,#93000d,ATGAAAACTTCTGAACAACGTGTAAACATCGCAACTCTGCTGACTGAGAACAAAAAGAAAATCGTTGATAAGGCGTCTCAGGATCTGTGGCGTCGTCATCCAGATCTCATTGCGCCGGGCGGCATCGCTTTTAGTCAACGCGATCGTGCACTGTGCCTGCGTGACTACGGCTGGTTTCTGCACCTGATCACGTTCTGTCTGCTGGCTGGTGATAAAGGTCCTATTGAATCCATCGGTCTAATTAGCATACGCGAAATGTACAACAGCCTGGGTGTGCCGGTTCCGGCTATGATGGAATCTATCCGTTGTCTGAAAGAGGCCTCCCTGTCACTGCTGGACGAGGAAGACGCCAATGAGACTGCACCGTACTTTGACTATATCATCAAGGCTATGTCC
YFP,CDS,#ffff66,ATGAATCCCCTATGGCGAATACTTTTAAAGTCTCGTAAAGGAGAAGAACTTTTCACTGGAGTTGTCCCAATTCTTGTTGAATTAGATGGTGATGTTAATGGGCACAAATTTTCTGTCAGTGGAGAGGGTGAAGGTGATGCAACATACGGAAAACTTACCCTTAAATTTATTTGCACTACTGGAAAACTACCTGTTCCATGGCCAACACTTGTCACTACTTTCGGTTATGGTCTAAAATGCTTTGCTAGATACCCAGATCATATGAAACGGCATGACTTTTTCAAGAGTGCCATGCCCGAAGGTTATGTACAGGAAAGAACTATATTTTTCAAAGATGACGGGAACTACAAGACACGTGCTGAAGTCAAGTTTGAAGGTGATACCCTTGTTAATAGAATCGAGTTAAAAGGTATTGATTTTAAAGAAGATGGAAACATTCTTGGACACAAATTGGAATACAACTATAACTCACACAATGTATACATCATGGCAGACAAACAAAAGAATGGAATCAAAGTTAACTTCAAAATTAGACACAACATTGAAGATGGAAGCGTTCAACTAGCAGACCATTATCAACAAAATACTCCAATTGGCGATGGCCCTGTCCTTTTACCAGACAACCATTACCTGTCCTATCAATCTGCCCTTTCGAAAGATCCCAACGAAAAGAGAGACCACATGGTCCTTCTTGAGTTTGTAACAGCTGCTGGGATTACACATGGCATGGATGAACTATACAAATAA
Exo protein,CDS,#fdcc65,ATGACACCGGACATTATCCTGCAGCGTACCGGGATCGATGTGAGAGCTGTCGAACAGGGGGATGATGCGTGGCACAAATTACGGCTCGGCGTCATCACCGCTTCAGAAGTTCACAACGTGATAGCAAAACCCCGCTCCGGAAAGAAGTGGCCTGACATGAAAATGTCCTACTTCCACACCCTGCTTGCTGAGGTTTGCACCGGTGTGGCTCCGGAAGTTAACGCTAAAGCACTGGCCTGGGGAAAACAGTACGAGAACGACGCCAGAACCCTGTTTGAATTCACTTCCGGCGTGAATGTTACTGAATCCCCGATCATCTATCGCGACGAAAGTATGCGTACCGCCTGCTCTCCCGATGGTTTATGCAGTGACGGCAACGGCCTTGAACTGAAATGCCCGTTTACCTCCCGGGATTTCATGAAGTTCCGGCTCGGTGGTTTCGAGGCCATAAAGTCAGCTTACATGGCCCAGGTGCAGTACAGCATGTGGGTGACGCGAAAAAATGCCTGGTACTTTGCCAACTATGACCCGCGTATGAAGCGTGAAGGCCTGCATTATGTCGTGATTGAGCGGGATGAAAAGTACATGGCGAGTTTTGACGAGATCGTGCCGGAGTTCATCGAAAAAATGGACGAGGCACTGGCTGAAATTGGTTTTGTATTTGGGGAGCAATGGCGATGA
PuromycinR,CDS,orange,ATGACCGAGTACAAGCCCACGGTGCGCCTCGCCACCCGCGACGACGTCCCCAGGGCCGTACGCACCCTCGCCGCCGCGTTCGCCGACTACCCCGCCACGCGCCACACCGTCGATCCGGACCGCCACATCGAGCGGGTCACCGAGCTGCAAGAACTCTTCCTCACGCGCGTCGGGCTCGACATCGGCAAGGTGTGGGTCGCGGACGACGGCGCCGCGGTGGCGGTCTGGACCACGCCGGAGAGCGTCGAAGCGGGGGCGGTGTTCGCCGAGATCGGCCCGCGCATGGCCGAGTTGAGCGGTTCCCGGCTGGCCGCGCAGCAACAGATGGAAGGCCTCCTGGCGCCGCACCGGCCCAAGGAGCCCGCGTGGTTCCTGGCCACCGTCGGCGTCTCGCCCGACCACCAGGGCAAGGGTCTGGGCAGCGCCGTCGTGCTCCCCGGAGTGGAGGCGGCCGAGCGCGCCGGGGTGCCCGCCTTCCTGGAGACATCCGCGCCCCGCAACCTCCCCTTCTACGAGCGGCTCGGCTTCACCGTCACCGCCGACGTCGAGGTGCCCGAAGGACCGCGCACCTGGTGCATGACCCGCAAGCCCGGTGCCTGA
Venus YFP,CDS,#999900,ATGAGCAAAGGTGAAGAACTGTTCACCGGCGTTGTGCCAATTCTGGTTGAGCTGGATGGTGACGTGAATGGCCACAAATTTTCCGTGTCTGGTGAAGGCGAGGGTGATGCTACTTATGGCAAACTGACTCTGAAACTGATCTGTACCACCGGCAAACTGCCTGTTCCGTGGCCAACTCTGGTCACTACTCTGGGTTACGGCCTGATGTGTTTTGCGCGTTACCCGGATCACATGAAACAGCATGACTTCTTCAAATCTGCCATGCCGGAAGGCTATGTCCAAGAACGTACGATCTTTTTCAAGGACGACGGCAACTATAAAACCCGTGCCGAAGTTAAATTCGAGGGTGACACCCTGGTTAACCGCATCGAACTGAAAGGCATTGACTTCAAAGAGGACGGCAACATTCTGGGTCACAAGCTGGAATACAACTACAACTCCCACAACGTTTACATTACTGCTGACAAGCAGAAAAACGGCATCAAAGCAAACTTCAAGATCCGTCACAACATTGAAGATGGTGGCGTACAGCTGGCAGATCACTACCAGCAGAACACTCCAATCGGTGATGGCCCAGTACTGCTGCCAGATAACCATTACCTGTCCTACCAGAGCAAACTGTCTAAAGACCCGAACGAAAAACGTGACCACATGGTACTGCTGGAATTTGTTACCGCGGCAGGCATTACCCACGGTATGGACGAACTGTATAAATAA
AmpR,CDS,#808000,ATGAGCACTTTTAAAGTTCTGCTATGNNNNNCNNTATTATCCCGTNNTGACGNCGGGCAAGAGCAACTCGGTCGCCGNNNNCNNTATTCTCAGAATGACTTGGTTGAGTACTCACCAGTCACAGAAAAGCATCTTACGGATGGCATGACAGTAAGAGAATTATGCAGTGCTGCCATAANCATGAGTGATAACACTGCGGCCAACTTACTTCTGACAACGATCGGAGGACCGAAGGAGCTAACCGCTTTTTTNCACAACATGGGGGATCATGTAACTCGCCTTGATCGTTGGGAACCGGAGCTGAATGAAGCCATACCAAACGACGAGNGTGACACCACGATGCCNGNAGCAATGNCAACAACGTTGCGCAAACTATTAACTGGCGAACTACTTACTCTAGCTTCCCGGCAACAATTAATAGACTGNATGGAGGCGGATAAAGTTGCAGGACCACTTCTGCGCTCGGCCCTTCCGGCTGGCTGGTTTATTGCTGATAAATCTGGAGCCGGTGAGCGTGGGTCTCGCGGTATCATTGCAGCACTGGGGCCAGATGGTAAGCNCTCCCGTATCGTAGTTATCTACACGACGGGNAGTCAGGCAACTATGGATGAACGAAATAGACAGATCGCTGAGATAGGTGCCTCACTGATTAAGCATTGG
KanR,CDS,#7f7f03,ATGAGCCATATTCAACGGGAAACGTCTTGCTCCAGGCCGCGATTAAATTCCAACATGGATGCTGATTTATATGGGTATAAATGGGCTCGCGATAATGTCGGGCAATCAGGTGCGACAATCTATCGATTGTATGGGAAGCCCGATGCGCCAGAGTTGTTTCTGAAACATGGCAAAGGTAGCGTTGCCAATGATGTTACAGATGAGATGGTCAGACTAAACTGGCTGACGGAATTTATGCCTCTTCCGACCATCAAGCATTTTATCCGTACTCCTGATGATGCATGGTTACTCACCACTGCGATCCCCGGGAAAACAGCATTCCAGGTATTAGAAGAATATCCTGATTCAGGTGAAAATATTGTTGATGCGCTGGCAGTGTTCCTGCGCCGGTTGCATTCGATTCCTGTTTGTAATTGTCCTTTTAACAGCGATCGCGTATTTCGTCTCGCTCAGGCGCAATCACGAATGAATAACGGTTTGGTTGATGCGAGTGATTTTGATGACGAGCGTAATGGCTGGCCTGTTGAACAAGTCTGGAAAGAAATGCATAAGCTTTTGCCATTCTCACCGGATTCAGTCGTCACTCATGGTGATTTCTCACTTGATAACCTTATTTTTGACGAGGGGAAATTAATAGGTTGTATTGATGTTGGACGAGTCGGAATCGCAGACCGATACCAGGATCTTGCCATCCTATGGAACTGCCTCGGTGAGTTTTCTCCTTCATTACAGAAACGGCTTTTTCAAAAATATGGTATTGATAATCCTGATATGAATAAATTGCAGTTTCATTTGATGCTCGATGAGTTTTTCAAATCAGAATTGGTTAATTGGTTGTAA
beta protein,CDS,#3f7f02,ATGAGTACTGCACTCGCAACGCTGGCTGGGAAGCTGGCTGAACGTGTCGGCATGGATTCTGTCGACCCACAGGAACTGATCACCACTCTTCGCCAGACGGCATTTAAAGGTGATGCCAGCGATGCGCAGTTCATCGCATTACTGATCGTTGCCAACCAGTACGGCCTTAATCCGTGGACGAAAGAAATTTACGCCTTTCCTGATAAGCAGAATGGCATCGTTCCGGTGGTGGGCGTTGATGGCTGGTCCCGCATCATCAATGAAAACCAGCAGTTTGATGGCATGGACTTTGAGCAGGACAATGAATCCTGTACATGCCGGATTTACCGCAAGGACCGTAATCATCCGATCTGCGTTACCGAATGGATGGATGAATGCCGCCGCGAACCATTCAAAACTCGCGAAGGCAGAGAAATCACGGGGCCGTGGCAGTCGCATCCCAAACGGATGTTACGTCATAAAGCCATGATTCAGTGTGCCCGTCTGGCCTTCGGATTTGCTGGTATCTATGACAAGGATGAAGCCGAGCGCATTGTCGAAAATACTGCATACACTGCAGAACGTCAGCCGGAACGCGACATCACTCCGGTTAACGATGAAACCATGCAGGAGATTAACACTCTGCTGATCGCCCTGGATAAAACATGGGATGACGACTTATTGCCGCTCTGTTCCCAGATATTTCGCCGCGACATTCGTGCATCGTCAGAACTGACACAGGCCGAAGCAGTAAAAGCTCTTGGATTCCTGAAACAGAAAGCCGCAGAGCAGAAGGTGGCAGCATGA
AmpR,CDS,orange,ATGAGTATTCAACATTTCCGTGTCGCCCTTATTCCCTTTTTTGCGGCATTTTGCCTTCCTGTTTTTGCTCACCCAGAAACGCTGGTGAAAGTAAAAGATGCTGAAGATCAGTTGGGTGCACGAGTGGGTTACATCGAACTGGATCTCAACAGCGGTAAGATCCTTGAGAGTTTTCGCCCCGAAGAACGTTTTCCAATGATGAGCACTTTTAAAGTTCTGCTATGTGGCGCGGTATTATCCCGTATTGACGCCGGGCAAGAGCAACTCGGTCGCCGCATACACTATTCTCAGAATGACTTGGTTGAGTACTCACCAGTCACAGAAAAGCATCTTACGGATGGCATGACAGTAAGAGAATTATGCAGTGCTGCCATAACCATGAGTGATAACACTGCGGCCAACTTACTTCTGACAACGATCGGAGGACCGAAGGAGCTAACCGCTTTTTTGCACAACATGGGGGATCATGTAACTCGCCTTGATCGTTGGGAACCGGAGCTGAATGAAGCCATACCAAACGACGAGCGTGACACCACGATGCCTGTAGCAATGGCAACAACGTTGCGCAAACTATTAACTGGCGAACTACTTACTCTAGCTTCCCGGCAACAATTAATAGACTGGATGGAGGCGGATAAAGTTGCAGGACCACTTCTGCGCTCGGCCCTTCCGGCTGGCTGGTTTATTGCTGATAAATCTGGAGCCGGTGAGCGTGGGTCGCGCGGTATCATTGCAGCACTGGGGCCAGATGGTAAGCCCTCCCGTATCGTAGTTATCTACACGACGGGGAGTCAGGCAACTATGGATGAACGAAATAGACAGATCGCTGAGATAGGTGCCTCACTGATTAAGCATTGGTAA
SpectomycinR,CDS,orange,ATGAGTGAAAAAGTGCCCGCCGAGATTTCGGTGCAACTATCACAAGCACTCAACGTCATCGGGCGCCACTTGGAGTCGACGTTGCTGGCCGTGCATTTGTACGGCTCCGCACTGGATGGCGGATTGAAACCGTACAGTGATATTGATTTGCTGGTGACTGTAGCTGCACCGCTCAATGATGCCGTGCGGCAAGCCCTGCTCGTCGATCTCTTGGAGGTTTCAGCTTCCCCTGGCCAAAACAAGGCACTCCGCGCCTTGGAAGTGACCATCGTCGTGCACAGTGACATCGTACCTTGGCGTTATCCGGCCAGGCGGGAACTGCAGTTCGGAGAGTGGCAGCGCAAAGACATCCTTGCGGGCATCTTCGAGCCCGCCACAACCGATTCTGACTTGGCGATTCTGCTAACAAAGGCAAAGCAACATAGCGTCGTCTTGGCAGGTTCAGCAGCGAAGGATCTCTTCAGCTCAGTCCCAGAAAGCGATCTATTCAAGGCACTGGCCGATACTCTGAAGCTATGGAACTCGCCGCCAGATTGGGCGGGCGATGAGCGGAATGTAGTGCTTACTTTGTCTCGTATCTGGTACACCGCAGCAACCGGCAAGATCGCGCCAAAGGATGTTGCTGCCACTTGGGCAATGGCACGCTTGCCAGCTCAACATCAGCCCATCCTGTTGAATGCCAAGCGGGCTTATCTTGGGCAAGAAGAAGATTATTTGCCCGCTCGTGCGGATCAGGTGGCGGCGCTCATTAAATTCGTGAAGTATGAAGCAGTTAAACTGCTTGGTGCCAGCCAATGA
"Heme Oxygenase-1, AVP88474",CDS,#807903,ATGAGTGTCAACTTAGCTTCCCAGTTGCGGGAAGGGACGAAAAAATCCCACTCCATGGCGGAGAACGTCGGCTTTGTCAAATGCTTCCTCAAGGGCGTTGTCGAGAAAAATTCCTACCGTAAGCTGGTTGGCAATCTCTACTTTGTCTACAGTGCCATGGAAGAGGAAATGGCAAAATTTAAGGACCATCCCATCCTCAGCCACATTTACTTCCCCGAACTCAACCGCAAACAAAGCCTAGAGCAAGACCTGCAATTCTATTACGGCTCCAACTGGCGGCAAGAAGTGAAAATTTCTGCCGCTGGCCAAGCCTATGTGGACCGAGTCCGGCAAGTGGCCGCTACGGCCCCTGAATTGTTGGTGGCCCATTCCTACACCCGTTACCTGGGGGATCTTTCCGGCGGTCAAATTCTCAAGAAAATTGCCCAAAATGCCATGAATCTCCACGATGGTGGCACAGCTTTCTATGAATTTGCCGACATTGATGACGAAAAGGCTTTTAAAAATACCTACCGTCAAGCTATGAATGATCTGCCCATTGACCAAGCCACCGCCGAACGGATTGTGGATGAAGCCAATGACGCCTTTGCCATGAACATGAAAATGTTCAACGAACTTGAAGGCAACCTGATCAAGGCGATCGGCATTATGGTGTTCAACAGCCTCACCCGTCGCCGCAGTCAAGGCAGCACCGAAGTTGGCCTCGCCACCTCCGAAGGCTAG
"amilCP, BBa_K592009",CDS,#66ffcb,ATGAGTGTGATCGCTAAACAAATGACCTACAAGGTTTATATGTCAGGCACGGTCAATGGACACTACTTTGAGGTCGAAGGCGATGGAAAAGGTAAGCCCTACGAGGGGGAGCAGACGGTAAAGCTCACTGTCACCAAGGGCGGACCTCTGCCATTTGCTTGGGATATTTTATCACCACAGTGTCAGTACGGAAGCATACCATTCACCAAGTACCCTGAAGACATCCCTGACTATGTAAAGCAGTCATTCCCGGAGGGCTATACATGGGAGAGGATCATGAACTTTGAAGATGGTGCAGTGTGTACTGTCAGCAATGATTCCAGCATCCAAGGCAACTGTTTCATCTACCATGTCAAGTTCTCTGGTTTGAACTTTCCTCCCAATGGACCTGTCATGCAGAAGAAGACACAGGGCTGGGAACCCAACACTGAGCGTCTCTTTGCACGAGATGGAATGCTGCTAGGAAACAACTTTATGGCTCTGAAGTTAGAAGGAGGCGGTCACTATTTGTGTGAATTTAAAACTACTTACAAGGCAAAGAAGCCTGTGAAGATGCCAGGGTATCACTATGTTGACCGCAAACTGGATGTAACCAATCACAACAAGGATTACACTTCGGTTGAGCAGTGTGAAATTTCCATTGCACGCAAACCTGTGGTCGCCTAATAA
"sfGFP, uniprot P42212, BBa_E0040",CDS,#008000,ATGCGTAAAGGAGAAGAACTTTTCACTGGAGTTGTCCCAATTCTTGTTGAATTAGATGGTGATGTTAATGGGCACAAATTTTCTGTCAGTGGAGAGGGTGAAGGTGATGCAACATACGGAAAACTTACCCTTAAATTTATTTGCACTACTGGAAAACTACCTGTTCCATGGCCAACACTTGTCACTACTTTCGGTTATGGTGTTCAATGCTTTGCGAGATACCCAGATCATATGAAACAGCATGACTTTTTCAAGAGTGCCATGCCCGAAGGTTATGTACAGGAAAGAACTATATTTTTCAAAGATGACGGGAACTACAAGACACGTGCTGAAGTCAAGTTTGAAGGTGATACCCTTGTTAATAGAATCGAGTTAAAAGGTATTGATTTTAAAGAAGATGGAAACATTCTTGGACACAAATTGGAATACAACTATAACTCACACAATGTATACATCATGGCAGACAAACAAAAGAATGGAATCAAAGTTAACTTCAAAATTAGACACAACATTGAAGATGGAAGCGTTCAACTAGCAGACCATTATCAACAAAATACTCCAATTGGCGATGGCCCTGTCCTTTTACCAGACAACCATTACCTGTCCACACAATCTGCCCTTTCGAAAGATCCCAACGAAAAGAGAGACCACATGGTCCTTCTTGAGTTTGTAACAGCTGCTGGGATTACACATGGCATGGATGAACTATACAAATAA
NahR,CDS,#66ccfe,ATGGAACTGCGTGACCTGGATTTAAACCTGCTGGTGGTGTTCAACCAGTTGCTGGTCGACAGACGCGTCTCTGTCACTGCGGAGAACCTGGGCCTGACCCAGCCTGCCGTGAGCAATGCGCTGAAACGCCTGCGCACCTCGCTACAGGACCCACTCTTCGTGCGCACACATCAGGGAATGGAACCCACACCCTATGCCGCGCATCTGGCCGAGCACGTCACTTCGGCCATGCACGCACTGCGCAACGCCCTACAGCACCATGAAAGCTTCGATCCGCTGACCAGCGAGCGTACCTTCACCCTGGCCATGACCGACATTGGCGAGATCTACTTCATGCCGCGGCTGATGGATGCGCTGGCTCACCAGGCCCCCAATTGCGTGATCAGTACGGTGCGCGACAGTTCGATGAGCCTGATGCAGGCCTTGCAGAACGGAACCGTGGACTTGGCCGTGGGCCTGCTTCCCAATCTGCAAACTGGCTTCTTTCAGCGCCGGCTGCTCCAGAATCACTACGTGTGCCTATGTCGCAAGGACCATCCAGTCACCCGCGAACCCCTGACTCTGGAGCGCTTCTGTTCCTACGGCCACGTGCGTGTCATCGCCGCTGGCACCGGCCACGGCGAGGTGGACACGTACATGACACGGGTCGGCATCCGGCGCGACATCCGTCTGGAAGTGCCGCACTTCGCCGCCGTTGGCCACATCCTCCAGCGCACCGATCTGCTCGCCACTGTGCCGATATGTTTAGCCGACTGCTGCGTAGAGCCCTTCGGCCTAAGCGCCTTGCCGCACCCAGTCGTCTTGCCTGAAATAGCCATCAACATGTTCTGGCATGCGAAGTACCACAAGGACCTAGCCAATATTTGGTTGCGGCAACTGATGTTTGACCTGTTTACGGATTGA
CamR,CDS,#808000,ATGGAGAAAAAAATCACTGGATATACCACCGTTGATATATCCCAATGGCATCGTAAAGAACATTTTGAGGCATTTCAGTCAGTTGCTCAATGTACCTATAACCAGACCGTTCAGCTGGATATTACGGCCTTTTTAAAGACCGTAAAGAAAAATAAGCACAAGTTTTATCCGGCCTTTATTCACATTCTTGCCCGCCTGATGAATGCTCATCCGGAATTTCGTATGGCAATGAAAGACGGTGAGCTGGTGATATGGGATAGTGTTCACCCTTGTTACACCGTTTTCCATGAGCAAACTGAAACGTTTTCATCGCTCTGGAGTGAATACCACGACGATTTCCGGCAGTTTCTACACATATATTCGCAAGATGTGGCGTGTTACGGTGAAAACCTGGCCTATTTCCCTAAAGGGTTTATTGAGAATATGTTTTTCGTCTCAGCCAATCCCTGGGTGAGTTTCACCAGTTTTGATTTAAACGTGGCCAATATGGACAACTTCTTCGCCCCCGTTTTCACCATGGGCAAATATTATACGCAAGGCGACAAGGTGCTGATGCCGCTGGCGATTCAGGTTCATCATGCCGTTTGTGATGGCTTCCATGTCGGCAGAATGCTTAATGAATTACAACAGTACTGCGATGAGTGGCAGGGCGGGGCGTAA
CFP,CDS,#66ccff,ATGGAGCTTTTCACTGGCGTTGTTCCCATCCTGGTCGAGCTGGACGGCGACGTAAACGGCCACAAGTTCAGCGTGTCCGGCGAGGGCGAGGGCGATGCCACCTACGGCAAGCTGACCCTGAAGTTCATCTGCACCACCGGCAAGCTGCCCGTGCCCTGGCCCACCCTCGTGACCACCCTGACCTGGGGCGTGCAGTGCTTCAGCCGCTACCCCGACCACATGAAGCAGCACGACTTCTTCAAGTCCGCCATGCCCGAAGGCTACGTCCAGGAGCGCACCATCTTCTTCAAGGACGACGGCAACTACAAGACCCGCGCCGAGGTGAAGTTCGAGGGCGACACCCTGGTGAACCGCATCGAGCTGAAGGGCATCGACTTCAAGGAGGACGGCAACATCCTGGGGCACAAGCTGGAGTACAACTACATCAGCCACAACGTCTATATCACCGCCGACAAGCAGAAGAACGGCATCAAGGCCAACTTCAAGATCCGCCACAACATCGAGGACGGCAGCGTGCAGCTCGCCGACCACTACCAGCAGAACACCCCCATCGGCGACGGCCCCGTGCTGCTGCCCGACAACCACTACCTGAGCACCCAGTCCGCCCTGAGCAAAGACCCCAACGAGAAGCGCGATCACATGGTCCTGCTGGAGTTCGTGACCGCCGCCGGGATCTAA
"dCas9, 4ZT9 frag",CDS,#fdcc65,ATGGATAAGAAATACTCAATAGGCTTAGCTATCGGCACAAATAGCGTCGGATGGGCGGTGATCACTGATGAATATAAGGTTCCGTCTAAAAAGTTCAAGGTTCTGGGAAATACAGACCGCCACAGTATCAAAAAAAATCTTATAGGGGCTCTTTTATTTGACAGTGGAGAGACAGCGGAAGCGACTCGTCTCAAACGGACAGCTCGTAGAAGGTATACACGTCGGAAGAATCGTATTTGTTATCTACAGGAGATTTTTTCAAATGAGATGGCGAAAGTAGATGATAGTTTCTTTCATCGACTTGAAGAGTCTTTTTTGGTGGAAGAAGACAAGAAGCATGAACGTCATCCTATTTTTGGAAATATAGTAGATGAAGTTGCTTATCATGAGAAATATCCAACTATCTATCATCTGCGAAAAAAATTGGTAGATTCTACTGATAAAGCGGATTTGCGCTTAATCTATTTGGCCTTAGCGCATATGATTAAGTTTCGTGGTCATTTTTTGATTGAGGGAGATTTAAATCCTGATAATAGTGATGTGGACAAACTATTTATCCAGTTGGTACAAACCTACAATCAATTATTTGAAGAAAACCCTATTAACGCAAGTGGAGTAGATGCTAAAGCGATTCTTTCTGCACGATTGAGTAAATCAAGACGATTAGAAAATCTCATTGCTCAGCTCCCCGGTGAGAAGAAAAATGGCTTATTTGGGAATCTCATTGCTTTGTCATTGGGTTTGACCCCTAATTTTAAATCAAATTTTGATTTGGCAGAAGATGCTAAATTACAGCTTTCAAAAGATACTTACGATGATGATTTAGATAATTTATTGGCGCAAATTGGAGATCAATATGCTGATTTGTTTTTGGCAGCTAAGAATTTATCAGATGCTATTTTACTTTCAGATATCCTAAGAGTAAATACTGAAATAACTAAGGCTCCCCTATCAGCTTCAATGATTAAACGCTACGATGAACATCATCAAGACTTGACTCTTTTAAAAGCTTTAGTTCGACAACAACTTCCAGAAAAGTATAAAGAAATCTTTTTTGATCAATCAAAAAACGGATATGCAGGTTATATTGATGGGGGAGCTAGCCAAGAAGAATTTTATAAATTTATCAAACCAATTTTAGAAAAAATGGATGGTACTGAGGAATTATTGGTGAAACTAAATCGTGAAGATTTGCTGCGCAAGCAACGGACCTTTGACAACGGCTCTATTCCCCATCAAATTCACTTGGGTGAGCTGCATGCTATTTTGAGAAGACAAGAAGACTTTTATCCATTTTTAAAAGACAATCGTGAGAAGATTGAAAAAATCTTGACTTTTCGAATTCCTTATTATGTTGGTCCATTGGCGCGTGGCAATAGTCGTTTTGCATGGATGACTCGGAAGTCTGAAGAAACAATTACCCCATGGAATTTTGAAGAAGTTGTCGATAAAGGTGCTTCAGCTCAATCATTTATTGAACGCATGACAAACTTTGATAAAAATCTTCCAAATGAAAAAGTACTACCAAAACATAGTTTGCTTTATGAGTATTTTACGGTTTATAACGAATTGACAAAGGTCAAATATGTTACTGAAGGAATGCGAAAACCAGCATTTCTTTCAGGTGAACAGAAGAAAGCCATTGTTGATTTACTCTTCAAAACAAATCGAAAAGTAACCGTTAAGCAATTAAAAGAAGATTATTTCAAAAAAATAGAATGTTTTGATAGTGTTGAAATTTCAGGAGTTGAAGATAGATTTAATGCTTCATTAGGTACCTACCATGATTTGCTAAAAATTATTAAAGATAAAGATTTTTTGGATAATGAAGAAAATGAAGATATCTTAGAGGATATTGTTTTAACATTGACCTTATTTGAAGATAGGGAGATGATTGAGGAAAGACTTAAAACATATGCTCACCTCTTTGATGATAAGGTGATGAAACAGCTTAAACGTCGCCGTTATACTGGTTGGGGACGTTTGTCTCGAAAATTGATTAATGGTATTAGGGATAAGCAATCTGGCAAAACAATATTAGATTTTTTGAAATCAGATGGTTTTGCCAATCGCAATTTTATGCAGCTGATCCATGATGATAGTTTGACATTTAAAGAAGACATTCAAAAAGCACAAGTGTCTGGACAAGGCGATAGTTTACATGAACATATTGCAAATTTAGCTGGTAGCCCTGCTATTAAAAAAGGTATTTTACAGACTGTAAAAGTTGTTGATGAATTGGTCAAAGTAATGGGGCGGCATAAGCCAGAAAATATCGTTATTGAAATGGCACGTGAAAATCAGACAACTCAAAAGGGCCAGAAAAATTCGCGAGAGCGTATGAAACGAATCGAAGAAGGTATCAAAGAATTAGGAAGTCAGATTCTTAAAGAGCATCCTGTTGAAAATACTCAATTGCAAAATGAAAAGCTCTATCTCTATTATCTCCAAAATGGAAGAGACATGTATGTGGACCAAGAATTAGATATTAATCGTTTAAGTGATTATGATGTCGATGCCATTGTTCCACAAAGTTTCCTTAAAGACGATTCAATAGACAATAAGGTCTTAACGCGTTCTGATAAAAATCGTGGTAAATCGGATAACGTTCCAAGTGAAGAAGTAGTCAAAAAGATGAAAAACTATTGGAGACAACTTCTAAACGCCAAGTTAATCACTCAACGTAAGTTTGATAATTTAACGAAAGCTGAACGTGGAGGTTTGAGTGAACTTGATAAAGCTGGTTTTATCAAACGCCAATTGGTTGAAACTCGCCAAATCACTAAGCATGTGGCACAAATTTTGGATAGTCGCATGAATACTAAATACGATGAAAATGATAAACTTATTCGAGAGGTTAAAGTGATTACCTTAAAATCTAAATTAGTTTCTGACTTCCGAAAAGATTTCCAATTCTATAAAGTACGTGAGATTAACAATTACCATCATGCCCATGATGCGTATCTAAATGCCGTCGTTGGAACTGCTTTGATTAAGAAATATCCAAAACTTGAATCGGAGTTTGTCTATGGTGATTATAAAGTTTATGATGTTCGTAAAATGATTGCTAAGTCTGAGCAAGAAATAGGCAAAGCAACCGCAAAATATTTCTTTTACTCTAATATCATGAACTTCTTCAAAACAGAAATTACACTTGCAAATGGAGAGATTCGCAAACGCCCTCTAATCGAAACTAATGGGGAAACTGGAGAAATTGTCTGGGATAAAGGGCGAGATTTTGCCACAGTGCGCAAAGTATTGTCCATGCCCCAAGTCAATATTGTCAAGAAAACAGAAGTACAGACAGGCGGATTCTCCAAGGAGTCAATTTTACCAAAAAGAAATTCGGACAAGCTTATTGCTCGTAAAAAAGACTGGGATCCAAAAAAATATGGTGGTTTTGATAGTCCAACGGTAGCTTATTCAGTCCTAGTGGTTGCTAAGGTGGAAAAAGGGAAATCGAAGAAGTTAAAATCCGTTAAAGAGTTACTAGGGATCACAATTATGGAAAGAAGTTCCTTTGAAAAAAATCCGATTGACTTTTTAGAAGCTAAAGGATATAAGGAAGTTAAAAAAGACTTAATCATTAAACTACCTAAATATAGTCTTTTTGAGTTAGAAAACGGTCGTAAACGGATGCTGGCTAGTGCCGGAGAATTACAAAAAGGAAATGAGCTGGCTCTGCCAAGCAAATATGTGAATTTTTTATATTTAGCTAGTCATTATGAAAAGTTGAAGGGTAGTCCAGAAGATAACGAACAAAAACAATTGTTTGTGGAGCAGCATAAGCATTATTTAGATGAGATTATTGAGCAAATCAGTGAATTTTCTAAGCGTGTTATTTTAGCAGATGCCAATTTAGATAAAGTTCTTAGTGCATATAACAAACATAGAGACAAACCAATACGTGAACAAGCAGAAAATATTATTCATTTATTTACGTTGACGAATCTTGGAGCTCCCGCTGCTTTTAAATATTTTGATACAACAATTGATCGTAAACGATATACGTCTACAAAAGAAGTTTTAGATGCCACTCTTATCCATCAATCCATCACTGGTCTTTATGAAACACGCATTGATTTGAGTCAGCTAGGAGGTGAC
"dCas9, 4ZT9",CDS,#ff8000,ATGGATAAGAAATACTCAATAGGCTTAGCTATCGGCACAAATAGCGTCGGATGGGCGGTGATCACTGATGAATATAAGGTTCCGTCTAAAAAGTTCAAGGTTCTGGGAAATACAGACCGCCACAGTATCAAAAAAAATCTTATAGGGGCTCTTTTATTTGACAGTGGAGAGACAGCGGAAGCGACTCGTCTCAAACGGACAGCTCGTAGAAGGTATACACGTCGGAAGAATCGTATTTGTTATCTACAGGAGATTTTTTCAAATGAGATGGCGAAAGTAGATGATAGTTTCTTTCATCGACTTGAAGAGTCTTTTTTGGTGGAAGAAGACAAGAAGCATGAACGTCATCCTATTTTTGGAAATATAGTAGATGAAGTTGCTTATCATGAGAAATATCCAACTATCTATCATCTGCGAAAAAAATTGGTAGATTCTACTGATAAAGCGGATTTGCGCTTAATCTATTTGGCCTTAGCGCATATGATTAAGTTTCGTGGTCATTTTTTGATTGAGGGAGATTTAAATCCTGATAATAGTGATGTGGACAAACTATTTATCCAGTTGGTACAAACCTACAATCAATTATTTGAAGAAAACCCTATTAACGCAAGTGGAGTAGATGCTAAAGCGATTCTTTCTGCACGATTGAGTAAATCAAGACGATTAGAAAATCTCATTGCTCAGCTCCCCGGTGAGAAGAAAAATGGCTTATTTGGGAATCTCATTGCTTTGTCATTGGGTTTGACCCCTAATTTTAAATCAAATTTTGATTTGGCAGAAGATGCTAAATTACAGCTTTCAAAAGATACTTACGATGATGATTTAGATAATTTATTGGCGCAAATTGGAGATCAATATGCTGATTTGTTTTTGGCAGCTAAGAATTTATCAGATGCTATTTTACTTTCAGATATCCTAAGAGTAAATACTGAAATAACTAAGGCTCCCCTATCAGCTTCAATGATTAAACGCTACGATGAACATCATCAAGACTTGACTCTTTTAAAAGCTTTAGTTCGACAACAACTTCCAGAAAAGTATAAAGAAATCTTTTTTGATCAATCAAAAAACGGATATGCAGGTTATATTGATGGGGGAGCTAGCCAAGAAGAATTTTATAAATTTATCAAACCAATTTTAGAAAAAATGGATGGTACTGAGGAATTATTGGTGAAACTAAATCGTGAAGATTTGCTGCGCAAGCAACGGACCTTTGACAACGGCTCTATTCCCCATCAAATTCACTTGGGTGAGCTGCATGCTATTTTGAGAAGACAAGAAGACTTTTATCCATTTTTAAAAGACAATCGTGAGAAGATTGAAAAAATCTTGACTTTTCGAATTCCTTATTATGTTGGTCCATTGGCGCGTGGCAATAGTCGTTTTGCATGGATGACTCGGAAGTCTGAAGAAACAATTACCCCATGGAATTTTGAAGAAGTTGTCGATAAAGGTGCTTCAGCTCAATCATTTATTGAACGCATGACAAACTTTGATAAAAATCTTCCAAATGAAAAAGTACTACCAAAACATAGTTTGCTTTATGAGTATTTTACGGTTTATAACGAATTGACAAAGGTCAAATATGTTACTGAAGGAATGCGAAAACCAGCATTTCTTTCAGGTGAACAGAAGAAAGCCATTGTTGATTTACTCTTCAAAACAAATCGAAAAGTAACCGTTAAGCAATTAAAAGAAGATTATTTCAAAAAAATAGAATGTTTTGATAGTGTTGAAATTTCAGGAGTTGAAGATAGATTTAATGCTTCATTAGGTACCTACCATGATTTGCTAAAAATTATTAAAGATAAAGATTTTTTGGATAATGAAGAAAATGAAGATATCTTAGAGGATATTGTTTTAACATTGACCTTATTTGAAGATAGGGAGATGATTGAGGAAAGACTTAAAACATATGCTCACCTCTTTGATGATAAGGTGATGAAACAGCTTAAACGTCGCCGTTATACTGGTTGGGGACGTTTGTCTCGAAAATTGATTAATGGTATTAGGGATAAGCAATCTGGCAAAACAATATTAGATTTTTTGAAATCAGATGGTTTTGCCAATCGCAATTTTATGCAGCTGATCCATGATGATAGTTTGACATTTAAAGAAGACATTCAAAAAGCACAAGTGTCTGGACAAGGCGATAGTTTACATGAACATATTGCAAATTTAGCTGGTAGCCCTGCTATTAAAAAAGGTATTTTACAGACTGTAAAAGTTGTTGATGAATTGGTCAAAGTAATGGGGCGGCATAAGCCAGAAAATATCGTTATTGAAATGGCACGTGAAAATCAGACAACTCAAAAGGGCCAGAAAAATTCGCGAGAGCGTATGAAACGAATCGAAGAAGGTATCAAAGAATTAGGAAGTCAGATTCTTAAAGAGCATCCTGTTGAAAATACTCAATTGCAAAATGAAAAGCTCTATCTCTATTATCTCCAAAATGGAAGAGACATGTATGTGGACCAAGAATTAGATATTAATCGTTTAAGTGATTATGATGTCGATGCCATTGTTCCACAAAGTTTCCTTAAAGACGATTCAATAGACAATAAGGTCTTAACGCGTTCTGATAAAAATCGTGGTAAATCGGATAACGTTCCAAGTGAAGAAGTAGTCAAAAAGATGAAAAACTATTGGAGACAACTTCTAAACGCCAAGTTAATCACTCAACGTAAGTTTGATAATTTAACGAAAGCTGAACGTGGAGGTTTGAGTGAACTTGATAAAGCTGGTTTTATCAAACGCCAATTGGTTGAAACTCGCCAAATCACTAAGCATGTGGCACAAATTTTGGATAGTCGCATGAATACTAAATACGATGAAAATGATAAACTTATTCGAGAGGTTAAAGTGATTACCTTAAAATCTAAATTAGTTTCTGACTTCCGAAAAGATTTCCAATTCTATAAAGTACGTGAGATTAACAATTACCATCATGCCCATGATGCGTATCTAAATGCCGTCGTTGGAACTGCTTTGATTAAGAAATATCCAAAACTTGAATCGGAGTTTGTCTATGGTGATTATAAAGTTTATGATGTTCGTAAAATGATTGCTAAGTCTGAGCAAGAAATAGGCAAAGCAACCGCAAAATATTTCTTTTACTCTAATATCATGAACTTCTTCAAAACAGAAATTACACTTGCAAATGGAGAGATTCGCAAACGCCCTCTAATCGAAACTAATGGGGAAACTGGAGAAATTGTCTGGGATAAAGGGCGAGATTTTGCCACAGTGCGCAAAGTATTGTCCATGCCCCAAGTCAATATTGTCAAGAAAACAGAAGTACAGACAGGCGGATTCTCCAAGGAGTCAATTTTACCAAAAAGAAATTCGGACAAGCTTATTGCTCGTAAAAAAGACTGGGATCCAAAAAAATATGGTGGTTTTGATAGTCCAACGGTAGCTTATTCAGTCCTAGTGGTTGCTAAGGTGGAAAAAGGGAAATCGAAGAAGTTAAAATCCGTTAAAGAGTTACTAGGGATCACAATTATGGAAAGAAGTTCCTTTGAAAAAAATCCGATTGACTTTTTAGAAGCTAAAGGATATAAGGAAGTTAAAAAAGACTTAATCATTAAACTACCTAAATATAGTCTTTTTGAGTTAGAAAACGGTCGTAAACGGATGCTGGCTAGTGCCGGAGAATTACAAAAAGGAAATGAGCTGGCTCTGCCAAGCAAATATGTGAATTTTTTATATTTAGCTAGTCATTATGAAAAGTTGAAGGGTAGTCCAGAAGATAACGAACAAAAACAATTGTTTGTGGAGCAGCATAAGCATTATTTAGATGAGATTATTGAGCAAATCAGTGAATTTTCTAAGCGTGTTATTTTAGCAGATGCCAATTTAGATAAAGTTCTTAGTGCATATAACAAACATAGAGACAAACCAATACGTGAACAAGCAGAAAATATTATTCATTTATTTACGTTGACGAATCTTGGAGCTCCCGCTGCTTTTAAATATTTTGATACAACAATTGATCGTAAACGATATACGTCTACAAAAGAAGTTTTAGATGCCACTCTTATCCATCAATCCATCACTGGTCTTTATGAAACACGCATTGATTTGAGTCAGCTAGGAGGTGACTAA
Gam protein,CDS,#0f7ffe,ATGGATATTAATACTGAAACTGAGATCAAGCAAAAGCATTCACTAACCCCCTTTCCTGTTTTCCTAATCAGCCCGGCATTTCGCGGGCGATATTTTCACAGCTATTTCAGGAGTTCAGCCATGAACGCTTATTACATTCAGGATCGTCTTGAGGCTCAGAGCTGGGCGCGTCACTACCAGCAGCTCGCCCGTGAAGAGAAAGAGGCAGAACTGGCAGACGACATGGAAAAAGGCCTGCCCCAGCACCTGTTTGAATCGCTATGCATCGATCATTTGCAACGCCACGGGGCCAGCAAAAAATCCATTACCCGTGCGTTTGATGACGATGTTGAGTTTCAGGAGCGCATGGCAGAACACATCCGGTACATGGTTGAAACCATTGCTCACCACCAGGTTGATATTGATTCAGAGGTATAA
Galus Galus Pax7,CDS,#d40037,ATGGCAGCGCTCCCCGGGACGGTACCGCGGATGATGCGCCCGGCGCCGGGGCAGAACTACCCGCGCACCGGCTTCCCTTTGGAAGTGTCCACCCCGCTGGGCCAGGGCCGGGTGAACCAACTCGGAGGGGTTTTCATCAACGGGCGCCCACTGCCCAACCACATCCGCCATAAGATCGTGGAGATGGCTCACCACGGCATCCGGCCCTGCGTGATCTCCAGGCAGCTGAGGGTCTCCCACGGCTGCGTTTCCAAAATCCTCTGCAGGTACCAAGAGACGGGCTCCATCCGGCCCGGGGCCATCGGGGGCAGCAAGCCCAGGCAGGTTGCGACTCCCGACGTGGAGAAGAAAATCGAGGAATACAAGAGGGAGAACCCTGGGATGTTCAGCTGGGAGATCCGGGACAGGCTGCTGAAGGACGGACACTGCGACCGCAGCACTGTGCCCTCAGTGAGTTCGATTAGCCGTGTGCTACGCATCAAATTCGGGAAGAAAGAGGAAGAGGAGGACTGCGACAAGAAGGAGGAAGACGGGGAGAAGAAGGCCAAGCACAGCATAGATGGCATCCTGGGCGACAAAGGGAACAGGCTGGATGAAGGCTCCGATGTCGAATCAGAACCAGACCTGCCTTTGAAGAGGAAGCAGCGCCGCAGCCGGACCACTTTCACTGCCGAGCAGCTGGAGGAGCTGGAGAAGGCCTTTGAGAGGACCCACTACCCGGACATCTACACCAGGGAGGAGCTGGCACAGAGAACCAAGCTCACCGAGGCCCGTGTTCAGGTGTGGTTCAGCAACCGACGAGCAAGATGGCGCAAGCAGGCGGGTGCAAACCAACTCGCAGCATTCAACCATCTGCTGCCAGGGGGATTCCCACCCACGGGAATGCCAACTCTGCCCCCGTACCAGCTGCCAGACTCCACCTACCCAACCACCACCATTTCCCAAGATGGAGGCAGCACCGTGCACAGACCCCAGCCCTTGCCACCATCCACCATGCACCAGGGAGGGCTCGCTGCCGCCGCTGCAGCCGACTCCAGCTCTGCCTATGGGGCCCGACACAGCTTCTCCAGCTACTCAGACAGCTTCATGAATGCTGCAGCTCCTGCCAACCACATGAATCCTGTTAGCAATGGCCTCTCTCCGCAGAAGCAGGGTGCCCAAAACAAGATGCAGTGCTCCAGGTGGAACCTCACCATAGCCTTGAACAATCAGGTGATGAGCATCCTGAGCAACCCCAGCGGGGTTCCTCCGCAGCCCCAGGCTGACTTCTCCATCTCTCCTCTTCACGGTGGCCTGGACACCACCAACTCCATCTCTGCCAGCTGCAGCCAGCGGAGTGACTCCATCAAGTCCGTGGACAGCCTCCCGACCTCGCAGTCCTACTGTCCTCCCACCTACAGCACCACCAGTTACAGCGTGGACCCGGTGGCTGGCTACCAGTATGGGCAGTATGGACAAACTGCTGTTGATTATTTGACCAAGAACGTGAGCCTGTCCACGCAGCGCAGGATGAAGCTGGGAGAACATTCGGCCGTTCTGGGGCTCCTACCAGTAGAGACAGGCCAAGCTTACTGA
"mRFP, uniprot drFP583, pdb 2H5O",CDS,#800040,ATGGCGAGTAGCGAAGACGTTATCAAAGAGTTCATGCGTTTCAAAGTTCGTATGGAAGGTTCCGTTAACGGTCACGAGTTCGAAATCGAAGGTGAAGGTGAAGGTCGTCCGTACGAAGGTACCCAGACCGCTAAACTGAAAGTTACCAAAGGTGGTCCGCTGCCGTTCGCTTGGGACATCCTGTCCCCGCAGTTCCAGTACGGTTCCAAAGCTTACGTTAAACACCCGGCTGACATCCCGGACTACCTGAAACTGTCCTTCCCGGAAGGTTTCAAATGGGAACGTGTTATGAACTTCGAAGACGGTGGTGTTGTTACCGTTACCCAGGACTCCTCCCTGCAAGACGGTGAGTTCATCTACAAAGTTAAACTGCGTGGTACCAACTTCCCGTCCGACGGTCCGGTTATGCAGAAAAAAACCATGGGTTGGGAAGCTTCCACCGAACGTATGTACCCGGAAGACGGTGCTCTGAAAGGTGAAATCAAAATGCGTCTGAAACTGAAAGACGGTGGTCACTACGACGCTGAAGTTAAAACCACCTACATGGCTAAAAAACCGGTTCAGCTGCCGGGTGCTTACAAAACCGACATCAAACTGGACATCACCTCCCACAACGAAGACTACACCATCGTTGAACAGTACGAACGTGCTGAAGGTCGTCACTCCACCGGTGCTTAA
"aeBlue, BBa_K864401",CDS,#0000fe,ATGGCTTCACTGGTTAAAAAAGACATGTGCATCAAAATGACGATGGAAGGAACAGTAAACGGTCACCATTTCAAGTGTGTAGGAGAAGGCGAAGGCAAACCATTTGAAGGGACCCAGGTGGAAAAGATACGCATCACTGAAGGTGGGCCCTTACCATTTGCGTATGATATTTTGGCCCCTTGTTGCATGTATGGCAGTAAAACCTTCATTAAGCATGTGTCGGGTATTCCGGATTACTTTAAGGAGTCTTTTCCTGAGGGCTTTACCTGGGAAAGAACACAAATCTTCGAGGATGGCGGCTATCTCACCATACACCAGGACACGAGCCTTCAGGGTAATAATTTTATTTTCAAAGTTAATGTCATCGGTGCCAACTTCCCTGCAAACGGTCCCGTGATGCAGAAAAAAACAGCTGGATGGGAACCGTGCGTTGAGATGCTTTATCCGCGGGACGGCGTCCTGTGTGGTCAGAGCCTGATGGCCCTGAAATGCACTGATGGCAATCATCTGACGTCCCACCTGCGCACTACCTATCGTTCTCGCAAGCCATCCAATGCAGTTAACATGCCGGAATTTCATTTTGGGGATCATCGCATTGAGATTTTGAAAGCTGAACAAGGTAAATTTTATGAACAATACGAGTCAGCGGTGGCCCGTTACTGTGAGGCGGCACCGAGTAAATTAGGGCATCACTAATAA
"cjBlue, BBa_K592011",CDS,#0f7ffe,ATGGCTTCCAAAATAAGCGACAACGTACGTATCAAACTGTATATGGAGGGCACGGTTAATAATCACCACTTCATGTGTGAAGCGGAGGGTGAGGGCAAGCCATACGAAGGAACGCAGATGGAAAACATTAAAGTGACCAAAGGAGGCCCGCTGCCGTTCTCTTTTGATATCCTGACGCCGAACTGCCAATATGGTTCTGTAGCCATAACCAAGTACACGTCGGGGATTCCGGACTATTTTAAACAGTCATTCCCTGAAGGTTTTACCTGGGAAAGAACCACCATTTATGAAGATGGGGCTTATCTGACAACTCAGCAGGAAACCAAACTTGATGGAAATTGCTTAGTCTACAATATTAAAATCCTCGGCTGCAATTTTCCCCCCAATGGTCCTGTTATGCAGAAAAAAACGCAAGGCTGGGAACCATGTTGCGAGATGCGCTATACACGTGATGGTGTCTTGTGCGGTCAGACATTAATGGCACTGAAATGTGCCGATGGGAACCATCTGACTTGTCATCTGCGGACTACTTACCGATCCAAAAAGGCAGCGAAGGCGTTGCAAATGCCACCTTTCCATTTTTCAGACCATCGTCCGGAAATTGTGAAGGTTAGCGAGAACGGCACACTGTTTGAGCAGCACGAAAGTAGTGTGGCACGCTATTGTCAGACATGCCCGAGCAAACTTGGTCATAATTAATAA
mCherry,CDS,#fc6665,ATGGCTTCCTCCGAGGATGTTATCAAAGAGTTCATGCGTTTCAAAGTTCGTATGGAAGGTTCCGTTAACGGTCACGAGTTCGAAATCGAAGGTGAAGGTGAAGGTCGTCCGTACGAAGGTACCCAGACCGCTAAACTGAAAGTTACCAAAGGTGGTCCGCTGCCGTTCGCTTGGGACATCCTGTCCCCGCAGTTCCAGTACGGTTCCAAAGCTTACGTTAAACACCCGGCTGACATCCCGGACTACCTGAAACTGTCCTTCCCGGAAGGTTTCAAATGGGAACGTGTTATGAACTTCGAAGATGGTGGTGTTGTTACCGTTACCCAGGACTCCTCCCTGCAAGACGGTGAGTTCATCTACAAAGTTAAACTGCGTGGTACCAACTTCCCGTCCGACGGTCCGGTTATGCAGAAAAAAACCATGGGTTGGGAAGCTTCCACCGAACGTATGTACCCGGAGGATGGTGCTCTGAAAGGTGAAATCAAAATGCGTCTGAAACTGAAAGACGGTGGTCACTACGACGCTGAAGTTAAAACCACCTACATGGCTAAAAAACCGGTTCAGCTGCCGGGTGCTTACAAAACCGACATCAAACTGGACATCACCTCCCACAACGAGGACTACACCATCGTTGAACAGTACGAACGTGCTGAAGGTCGTCACTCCACCGGTGCTTAA
ms2 coat protein,CDS,blue,ATGGGGCCCGCTTCTAACTTTACTCAGTTCGTTCTCGTCGACAATGGCGGAACTGGCGACGTGACTGTCGCCCCAAGCAACTTCGCTAACGGGATCGCTGAATGGATCAGCTCTAACTCGCGTTCACAGGCTTACAAAGTAACCTGTAGCGTTCGTCAGAGCTCTGCGCAGAATCGCAAATACACCATCAAAGTCGAGGTGCCTAAAGGCGCCTGGCGTTCGTACTTAAATATGGAACTAACCATTCCAATTTTCGCCACGAATTCCGACTGCGAGCTTATTGTTAAGGCAATGCAAGGACTCCTAAAAGATGGAAACCCGATTCCCTCAGCAATCGCAGCAAACTCCGGCATCTACggtggcggaggtagcATGTCCCATCAGAAAATTATTCAGGATCTTATCGCATGGATTGACGAGCATATTGACCAGCCGCTTAACATTGATGTAGTCGCAAAAAAATCAGGCTATTCAAAGTGGTACTTGCAACGAATGTTCCGCACGGTGACGCATCAGACGCTTGGCGATTACATTCGCCAACGCCGCCTGTTACTGGCCGCCGTTGAGTTGCGCACCACCGAGCGTCCGATTTTTGATATCGCAATGGACCTGGGTTATGTCTCGCAGCAGACCTTCTCCCGCGTTTTCGCGCGGCAGTTTGATCGCACTCCCAGCGATTATCGCCACCGCCTGTAA
miRFP670,CDS,#fc6665,ATGGTAGCAGGTCATGCCTCTGGCAGCCCCGCATTCGGGACCGCCTCTCATTCGAATTGCGAACATGAAGAGATCCACCTCGCCGGCTCGATCCAGCCGCATGGCGCGCTTCTGGTCGTCAGCGAACATGATCATCGCGTCATCCAGGCCAGCGCCAACGCCGCGGAATTTCTGAATCTCGGAAGCGTACTCGGCGTTCCGCTCGCCGAGATCGACGGCGATCTGTTGATCAAGATCCTGCCGCATCTCGATCCCACCGCCGAAGGCATGCCGGTCGCGGTGCGCTGCCGGATCGGCAATCCCTCTACGGAGTACTGCGGTCTGATGCATCGGCCTCCGGAAGGCGGGCTGATCATCGAACTCGAACGTGCCGGCCCGTCGATCGATCTGTCAGGCACGCTGGCGCCGGCGCTGGAGCGGATCCGCACGGCGGGTTCACTGCGCGCGCTGTGCGATGACACCGTGCTGCTGTTTCAGCAGTGCACCGGCTACGACCGGGTGATGGTGTATCGTTTCGATGAGCAAGGCCACGGCCTGGTATTCTCCGAGTGCCATGTGCCTGGGCTCGAATCCTATTTCGGCAACCGCTATCCGTCGTCGACTGTCCCGCAGATGGCGCGGCAGCTGTACGTGCGGCAGCGCGTCCGCGTGCTGGTCGACGTCACCTATCAGCCGGTGCCGCTGGAGCCGCGGCTGTCGCCGCTGACCGGGCGCGATCTCGACATGTCGGGCTGCTTCCTGCGCTCGATGTCGCCGTGCCATCTGCAGTTCCTGAAGGACATGGGCGTGCGCGCCACCCTGGCGGTGTCGCTGGTGGTCGGCGGCAAGCTGTGGGGCCTGGTTGTCTGTCACCATTATCTGCCGCGCTTCATCCGTTTCGAGCTGCGGGCGATCTGCAAACGGCTCGCCGAAAGGATCGCGACGCGGATCACCGCGCTTGAGAGC
"LacI, BBa_C0012",CDS,#ff8000,ATGGTGAATGTGAAACCAGTAACGTTATACGATGTCGCAGAGTATGCCGGTGTCTCTTATCAGACCGTTTCCCGCGTGGTGAACCAGGCCAGCCACGTTTCTGCGAAAACGCGGGAAAAAGTGGAAGCGGCGATGGCGGAGCTGAATTACATTCCCAACCGCGTGGCACAACAACTGGCGGGCAAACAGTCGTTGCTGATTGGCGTTGCCACCTCCAGTCTGGCCCTGCACGCGCCGTCGCAAATTGTCGCGGCGATTAAATCTCGCGCCGATCAACTGGGTGCCAGCGTGGTGGTGTCGATGGTAGAACGAAGCGGCGTCGAAGCCTGTAAAGCGGCGGTGCACAATCTTCTCGCGCAACGCGTCAGTGGGCTGATCATTAACTATCCGCTGGATGACCAGGATGCCATTGCTGTGGAAGCTGCCTGCACTAATGTTCCGGCGTTATTTCTTGATGTCTCTGACCAGACACCCATCAACAGTATTATTTTCTCCCATGAAGACGGTACGCGACTGGGCGTGGAGCATCTGGTCGCATTGGGTCACCAGCAAATCGCGCTGTTAGCGGGCCCATTAAGTTCTGTCTCGGCGCGTCTGCGTCTGGCTGGCTGGCATAAATATCTCACTCGCAATCAAATTCAGCCGATAGCGGAACGGGAAGGCGACTGGAGTGCCATGTCCGGTTTTCAACAAACCATGCAAATGCTGAATGAGGGCATCGTTCCCACTGCGATGCTGGTTGCCAACGATCAGATGGCGCTGGGCGCAATGCGCGCCATTACCGAGTCCGGGCTGCGCGTTGGTGCGGATATCTCGGTAGTGGGATACGACGATACCGAAGACAGCTCATGTTATATCCCGCCGTTAACCACCATCAAACAGGATTTTCGCCTGCTGGGGCAAACCAGCGTGGACCGCTTGCTGCAACTCTCTCAGGGCCAGGCGGTGAAGGGCAATCAGCTGTTGCCCGTCTCACTGGTGAAAAGAAAAACCACCCTGGCGCCCAATACGCAAACCGCCTCTCCCCGCGCGTTGGCCGATTCATTAATGCAGCTGGCACGACAGGTTTCCCGACTGGAAAGCGGGCAGTAA
"mCardinal, KJ131552",CDS,#d40037,ATGGTGAGCAAGGGCGAGGAGCTGATCAAGGAGAACATGCACATGAAGCTGTACATGGAAGGCACCGTGAACAACCACCACTTCAAGTGCACCACCGAAGGGGAGGGCAAGCCCTACGAGGGCACCCAGACCCAGAGGATTAAGGTGGTGGAGGGAGGCCCCCTGCCGTTCGCATTCGACATCCTGGCCACCTGCTTTATGTACGGGAGCAAGACCTTCATCAACCACACCCAGGGCATCCCCGATTTCTTTAAGCAGTCCTTCCCTGAGGGCTTCACATGGGAGAGAGTCACCACATACGAAGACGGGGGCGTGCTTACCGTTACCCAGGACACCAGCCTCCAGGACGGCTGCTTGATCTACAACGTCAAGCTCAGAGGGGTGAACTTCCCATCCAACGGCCCTGTGATGCAGAAGAAAACACTCGGCTGGGAGGCCACCACCGAGACCCTGTACCCCGCTGACGGCGGCCTGGAAGGCAGATGCGACATGGCCCTGAAGCTCGTGGGCGGGGGCCACCTGCACTGCAACCTGAAGACCACATACAGATCCAAGAAACCCGCTAAGAACCTCAAGATGCCCGGCGTCTACTTTGTGGACCGCAGACTGGAAAGAATCAAGGAGGCCGACAATGAGACCTACGTCGAGCAGCACGAGGTGGCTGTGGCCAGATACTGCGACCTCCCTAGCAAACTGGGGCACAAACTTAATGGCATGGACGAGCTGTACAAGTAA
"mCardinal2, AHL19967",CDS,#6b121a,ATGGTGAGCAAGGGCGAGGAGCTGATCAAGGAGAACATGCCCATGAAGCTGTACATGGAAGGCACCGTGAACAACCACCACTTCAAGTGCACCACCGAAGGGGAGGGCAAGCCCTACGAGGGCACCCAGACCCAGAGGATTAAGGTGGTGGAGGGAGGCCCCCTGCCGTTCGCATTCGACATCCTGGCCACCTGCTTTATGTACGGGAGCAAGACCTTCATCAAGCACCCCAAGGGCATCCCCGATTTCTTTAAGCAGTCCTTCCCTGAGGGCTTCACATGGGAGAGAGTCACCACATACGAAGACGGGGGCGTGCTTACCGTTACCCAGGACACCAGCCTCCAGGACGGCTGCTTGATCTACAACGTCAAGCTCAGAGGGGTGAACTTCCCATCCAACGGCCCTGTGATGCAGAAGAAAACACTCGGCTGGGAGGCCACCACCGAGACCCTGTACCCCGCTGACGGCGGCCTGGAAGGCAGATGCGACATGGCCCTGAAGCTCGACGGCGGGGGCCACCTGCACTGCAACCTGAAGACCACATACAGATCCAAGAAACCCGCTGGCAACCTCAAGATGCCCGGCGTCTACTTTGTGGACCGCAGACTGGAAAGAATCAAGGAGGCCGACAATGAGACCTACGTCGAGCAGCACGAGGTGGCCGAGGCCAGATACTGCGACCTCCCTAGCAAACTGGGGCACAAACTTAATGGCATGGACGAGCTGTACAAG
EBFP2,CDS,blue,ATGGTGAGCAAGGGCGAGGAGCTGTTCACCGGGGTGGTGCCCATCCTGGTCGAGCTGGACGGCGACGTAAACGGCCACAAGTTCAGCGTGAGGGGCGAGGGCGAGGGCGATGCCACCAACGGCAAGCTGACCCTGAAGTTCATCTGCACCACCGGCAAGCTGCCCGTGCCCTGGCCCACCCTCGTGACCACCCTGAGCCACGGCGTGCAGTGCTTCGCCCGCTACCCCGACCACATGAAGCAGCACGACTTCTTCAAGTCCGCCATGCCCGAAGGCTACGTCCAGGAGCGCACCATCTTCTTCAAGGACGACGGCACCTACAAGACCCGCGCCGAGGTGAAGTTCGAGGGCGACACCCTAGTGAACCGCATCGAGCTGAAGGGCGTCGACTTCAAGGAGGACGGCAACATCCTGGGGCACAAGCTGGAGTACAACTTCAACAGCCACAACATCTATATCATGGCCGTCAAGCAGAAGAACGGCATCAAGGTGAACTTCAAGATCCGCCACAACGTGGAGGACGGCAGCGTGCAGCTCGCCGACCACTACCAGCAGAACACCCCCATCGGCGACGGCCCCGTGCTGCTGCCCGACAGCCACTACCTGAGCACCCAGTCCGTGCTGAGCAAAGACCCCAACGAGAAGCGCGATCACATGGTCCTGCTGGAGTTCCGCACCGCCGCCGGGATCACTCTCGGCATGGACGAGCTGTACAAGTAA
eBFP2,CDS,#6699ff,ATGGTGAGCAAGGGCGAGGAGCTGTTCACCGGGGTGGTGCCCATCCTGGTCGAGCTGGACGGCGACGTAAACGGCCACAAGTTCAGCGTGAGGGGCGAGGGCGAGGGCGATGCCACCAACGGCAAGCTGACCCTGAAGTTCATCTGCACCACCGGCAAGCTGCCCGTGCCCTGGCCCACCCTCGTGACCACCCTGAGCCACGGCGTGCAGTGCTTCGCCCGCTACCCCGACCACATGAAGCAGCACGACTTCTTCAAGTCCGCCATGCCCGAAGGCTACGTCCAGGAGCGCACCATCTTCTTCAAGGACGACGGCACCTACAAGACCCGCGCCGAGGTGAAGTTCGAGGGCGACACCCTGGTGAACCGCATCGAGCTGAAGGGCGTCGACTTCAAGGAGGACGGCAACATCCTGGGGCACAAGCTGGAGTACAACTTCAACAGCCACAACATCTATATCATGGCCGTCAAGCAGAAGAACGGCATCAAGGTGAACTTCAAGATCCGCCACAACGTGGAGGACGGCAGCGTGCAGCTCGCCGACCACTACCAGCAGAACACCCCCATCGGCGACGGCCCCGTGCTGCTGCCCGACAGCCACTACCTGAGCACCCAGTCCGTGCTGAGCAAAGACCCCAACGAGAAGCGCGATCACATGGTCCTGCTGGAGTTCCGCACCGCCGCCGGGATCACTCTCGGCATGGACGAGCTGTACAAGTAA
mTurquoise2,CDS,cyan,ATGGTGAGCAAGGGCGAGGAGCTGTTCACCGGGGTGGTGCCCATCCTGGTCGAGCTGGACGGCGACGTAAACGGCCACAAGTTCAGCGTGTCCGGCGAGGGCGAGGGCGATGCCACCTACGGCAAGCTGACCCTGAAGTTCATCTGCACCACCGGCAAGCTGCCCGTGCCCTGGCCCACCCTCGTGACCACCCTGTCCTGGGGCGTGCAGTGCTTCGCCCGCTACCCCGACCACATGAAGCAGCACGACTTCTTCAAGTCCGCCATGCCCGAAGGCTACGTCCAGGAGCGCACCATCTTCTTCAAGGACGACGGCAACTACAAGACCCGCGCCGAGGTGAAGTTCGAGGGCGACACCCTGGTGAACCGCATCGAGCTGAAGGGCATCGACTTCAAGGAGGACGGCAACATCCTGGGGCACAAGCTGGAGTACAACTACTTTAGCGACAACGTCTATATCACCGCCGACAAGCAGAAGAACGGCATCAAGGCCAACTTCAAGATCCGCCACAACATCGAGGACGGCGGCGTGCAGCTCGCCGACCACTACCAGCAGAACACCCCCATCGGCGACGGCCCCGTGCTGCTGCCCGACAACCACTACCTGAGCACCCAGTCCAAGCTGAGCAAAGACCCCAACGAGAAGCGCGATCACATGGTCCTGCTGGAGTTCGTGACCGCCGCCGGGATCACTCTCGGCATGGACGAGCTGTACAAGTAA
"mPlum, AY786537",CDS,#800080,ATGGTGAGCAAGGGCGAGGAGGTCATCAAGGAGTTCATGCGCTTCAAGGAGCACATGGAGGGCTCCGTGAACGGCCACGAGTTCGAGATCGAGGGCGAGGGCGAGGGCCGCCCCTACGAGGGCACCCAGACCGCCAGGCTGAAGGTGACCAAGGGTGGCCCCCTGCCCTTCGCCTGGGACATCCTGTCCCCTCAGATCATGTACGGCTCCAAGGCCTACGTGAAGCACCCCGCCGACATCCCCGACTACTTGAAGCTGTCCTTCCCCGAGGGCTTCAAGTGGGAGCGCGTGATGAACTTCGAGGACGGCGGCGTGGTGACCGTGACCCAGGACTCCTCCCTGCAGGACGGCGAGTTCATCTACAAGGTGAAGGTGCGCGGCACCAACTTCCCCTCCGACGGCCCCGTAATGCAGAAGAAGACCATGGGCTGGGAGGCCTCCTCCGAGCGGATGTACCCCGAGGACGGCGCCCTGAAGGGCGAGATGAAGATGAGGCTGAGGCTGAAGGACGGCGGCCACTACGACGCCGAGGTCAAGACCACCTACATGGCCAAGAAGCCCGTGCAGCTGCCCGGCGCCTACAAGACCGACATCAAGCTGGACATCACCTCCCACAACGAGGACTACACCATCGTGGAACAGTACGAGCGCGCCGAGGGCCGCCACTCCACCGGCGCCTAA
mtaqBFP2,CDS,#073f80,ATGGTGTCTAAGGGCGAAGAGCTGATTAAGGAGAACATGCACATGAAGCTGTACATGGAGGGCACCGTGGACAACCATCACTTCAAGTGCACATCCGAGGGCGAAGGCAAGCCCTACGAGGGCACCCAGACCATGAGAATCAAGGTGGTCGAGGGCGGCCCTCTCCCCTTCGCCTTCGACATCCTGGCTACTAGCTTCCTCTACGGCAGCAAGACCTTCATCAACCACACCCAGGGCATCCCCGACTTCTTCAAGCAGTCCTTCCCTGAGGGCTTCACATGGGAGAGAGTCACCACATACGAAGACGGGGGCGTGCTGACCGCTACCCAGGACACCAGCCTCCAGGACGGCTGCCTCATCTACAACGTCAAGATCAGAGGGGTGAACTTCACATCCAACGGCCCTGTGATGCAGAAGAAAACACTCGGCTGGGAGGCCTTCACCGAGACGCTGTACCCCGCTGACGGCGGCCTGGAAGGCAGAAACGACATGGCCCTGAAGCTCGTGGGCGGGAGCCATCTGATCGCAAACGCCAAGACCACATATAGATCCAAGAAACCCGCTAAGAACCTCAAGATGCCTGGCGTCTACTATGTGGACTACAGACTGGAAAGAATCAAGGAGGCCAACAACGAGACCTACGTCGAGCAGCACGAGGTGGCAGTGGCCAGATACTGCGACCTCCCTAGCAAACTGGGGCACAAGCTTAATTAA
TetR regulator,CDS,#ffff66,ATGTCTAGATTAGATAAAAGTAAAGTGATTAACAGCGCATTAGAGCTGCTTAATGAGGTCGGAATCGAAGGTTTAACAACCCGTAAACTCGCCCAGAAGCTAGGTGTAGAGCAGCCTACATTGTATTGGCATGTAAAAAATAAGCGGGCTTTGCTCGACGCCTTAGCCATTGAGATGTTAGATAGGCACCATACTCACTTTTGCCCTTTAGAAGGGGAAAGCTGGCAAGATTTTTTACGTAATAACGCTAAAAGTTTTAGATGTGCTTTACTAAGTCATCGCGATGGAGCAAAAGTACATTTAGGTACACGGCCTACAGAAAAACAGTATGAAACTCTCGAAAATCAATTAGCCTTTTTATGCCAACAAGGTTTTTCACTAGAGAATGCATTATATGCACTCAGCGCTGTGGGGCATTTTACTTTAGGTTGCGTATTGGAAGATCAAGAGCATCAAGTCGCTAAAGAAGAAAGGGAAACACCTACTACTGATAGTATGCCGCCATTATTACGACAAGCTATCGAATTATTTGATCACCAAGGTGCAGAGCCAGCCTTCTTATTCGGCCTTGAATTGATCATATGCGGATTAGAAAAACAACTTAAATGTGAAAGTGGGTCTTAAG
repA101 protein,CDS,blue,ATGTCTGAATTAGTTGTTTTCAAAGCAAATGAACTAGCGATTAGTCGCTATGACTTAACGGAGCATGAAACCAAGCTAATTTTATGCTGTGTGGCACTACTCAACCCCACGATTGAAAACCCTACAAGGAAAGAACGGACGGTATCGTTCACTTATAACCAATACGCTCAGATGATGAACATCAGTAGGGAAAATGCTTATGGTGTATTAGCTAAAGCAACCAGAGAGCTGATGACGAGAACTGTGGAAATCAGGAATCCTTTGGTTAAAGGCTTTGAGATTTTCCAGTGGACAAACTATGCCAAGTTCTCAAGCGAAAAATTAGAATTAGTTTTTAGTGAAGAGATATTGCCTTATCTTTTCCAGTTAAAAAAATTCATAAAATATAATCTGGAACATGTTAAGTCTTTTGAAAACAAATACTCTATGAGGATTTATGAGTGGTTATTAAAAGAACTAACACAAAAGAAAACTCACAAGGCAAATATAGAGATTAGCCTTGATGAATTTAAGTTCATGTTAATGCTTGAAAATAACTACCATGAGTTTAAAAGGCTTAACCAATGGGTTTTGAAACCAATAAGTAAAGATTTAAACACTTACAGCAATATGAAATTGGTGGTTGATAAGCGAGGCCGCCCGACTGATACGTTGATTTTCCAAGTTGAACTAGATAGACAAATGGATCTCGTAACCGAACTTGAGAACAACCAGATAAAAATGAATGGTGACAAAATACCAACAACCATTACATCAGATTCCTACCTACGTAACGGACTAAGAAAAACACTACACGATGCTTTAACTGCAAAAATTCAGCTCACCAGTTTTGAGGCAAAATTTTTGAGTGACATGCAAAGTAAGCATGATCTCAATGGTTCGTTCTCATGGCTCACGCAAAAACAACGAACCACACTAGAGAACATACTGGCTAAATACGGAAGGATCTGA
repA101 protein,CDS,#f86a0d,ATGTCTGAATTAGTTGTTTTCAAAGCAAATGAACTAGCGATTAGTCGCTATGACTTAACGGAGCATGAAACCAAGCTAATTTTATGCTGTGTGGCACTACTCAACCCCACGATTGAAAACCCTACAAGGAAAGAACGGACGGTATCGTTCACTTATAACCAATACGCTCAGATGATGAACATCAGTAGGGAAAATGCTTATGGTGTATTAGCTAAAGCAACCAGAGAGCTGATGACGAGAACTGTGGAAATCAGGAATCCTTTGGTTAAAGGCTTTGAGATTTTCCAGTGGACAAACTATGCCAAGTTCTCAAGCGAAAAATTAGAATTAGTTTTTAGTGAAGAGATATTGCCTTATCTTTTCCAGTTAAAAAAATTCATAAAATATAATCTGGAACATGTTAAGTCTTTTGAAAACAAATACTCTATGAGGATTTATGAGTGGTTATTAAAAGAACTAACACAAAAGAAAACTCACAAGGCAAATATAGAGATTAGCCTTGATGAATTTAAGTTCATGTTAATGCTTGAAAATAACTACCATGAGTTTAAAAGGCTTAACCAATGGGTTTTGAAACCAATAAGTAAAGATTTAAACACTTACAGCAATATGAAATTGGTGGTTGATAAGCGAGGCCGCCCGACTGATACGTTGATTTTCCAAGTTGAACTAGATAGACAAATGGATCTCGTAACCGAACTTGAGAACAACCAGATAAAAATGAATGGTGACAAAATACCAACAACCATTACATCAGATTCCTACCTACGTAACGGACTAAGAAAAACACTACACGATGCTTTAACTGCAAAAATTCAGCTCACCAGTTTTGAGGCAAAATTTTTGAGTGACATGCAAAGTAAGTATGATCTCAATGGTTCGTTCTCATGGCTCACGCAAAAACAACGAACCACACTAGAGAACATACTGGCTAAATACGGAAGGATCTGA
"amilGFP, BBa_K592010",CDS,#ccff66,ATGTCTTATTCAAAGCATGGCATCGTACAAGAAATGAAGACGAAATACCATATGGAAGGCAGTGTCAATGGCCATGAATTTACGATCGAAGGTGTAGGAACTGGGTACCCTTACGAAGGGAAACAGATGTCCGAATTAGTGATCATCAAGCCTGCGGGAAAACCCCTTCCATTCTCCTTTGACATACTGTCATCAGTCTTTCAATATGGAAACCGTTGCTTCACAAAGTACCCGGCAGACATGCCTGACTATTTCAAGCAAGCATTCCCAGATGGAATGTCATATGAAAGGTCATTTCTATTTGAGGATGGAGCAGTTGCTACAGCCAGCTGGAACATTCGTCTCGAAGGAAATTGCTTCATCCACAAATCCATCTTTCATGGCGTAAACTTTCCCGCTGATGGACCCGTAATGAAAAAGAAGACAATTGACTGGGATAAGTCCTTCGAAAAAATGACTGTGTCTAAAGAGGTGCTAAGAGGTGACGTGACTATGTTTCTTATGCTCGAAGGAGGTGGTTCTCACAGATGCCAATTTCACTCCACTTACAAAACAGAGAAGCCGGTCACACTGCCCCCGAATCATGTCGTAGAACATCAAATTGTGAGGACCGACCTTGGCCAAAGTGCAAAAGGCTTTACAGTCAAGCTGGAAGCACATGCCGCGGCTCATGTTAACCCTTTGAAGGTTAAATAATAA
Reverse Transcriptase,CDS,cyan,GAGACACCAGGAACAAGCGAGTCAGCAACACCAGAGAGCAGTGGCGGCAGCAGCGGCGGCAGCAGCACCCTAAATATAGAAGATGAGTATCGGCTACATGAGACCTCAAAAGAGCCAGATGTTTCTCTAGGGTCCACATGGCTGTCTGATTTTCCTCAGGCCTGGGCGGAAACCGGGGGCATGGGACTGGCAGTTCGCCAAGCTCCTCTGATCATACCTCTGAAAGCAACCTCTACCCCCGTGTCCATAAAACAATACCCCATGTCACAAGAAGCCAGACTGGGGATCAAGCCCCACATACAGAGACTGTTGGACCAGGGAATACTGGTACCCTGCCAGTCCCCCTGGAACACGCCCCTGCTACCCGTTAAGAAACCAGGGACTAATGATTATAGGCCTGTCCAGGATCTGAGAGAAGTCAACAAGCGGGTGGAAGACATCCACCCCACCGTGCCCAACCCTTACAACCTCTTGAGCGGGCTCCCACCGTCCCACCAGTGGTACACTGTGCTTGATTTAAAGGATGCCTTTTTCTGCCTGAGACTCCACCCCACCAGTCAGCCTCTCTTCGCCTTTGAGTGGAGAGATCCAGAGATGGGAATCTCAGGACAATTGACCTGGACCAGACTCCCACAGGGTTTCAAAAACAGTCCCACCCTGTTTAATGAGGCACTGCACAGAGACCTAGCAGACTTCCGGATCCAGCACCCAGACTTGATCCTGCTACAGTACGTGGATGACTTACTGCTGGCCGCCACTTCTGAGCTAGACTGCCAACAAGGTACTCGGGCCCTGTTACAAACCCTAGGGAACCTCGGGTATCGGGCCTCGGCCAAGAAAGCCCAAATTTGCCAGAAACAGGTCAAGTATCTGGGGTATCTTCTAAAAGAGGGTCAGAGATGGCTGACTGAGGCCAGAAAAGAGACTGTGATGGGGCAGCCTACTCCGAAGACCCCTCGACAACTAAGGGAGTTCCTAGGGAAGGCAGGCTTCTGTCGCCTCTTCATCCCTGGGTTTGCAGAAATGGCAGCCCCCCTGTACCCTCTCACCAAACCGGGGACTCTGTTTAATTGGGGCCCAGACCAACAAAAGGCCTATCAAGAAATCAAGCAAGCTCTTCTAACTGCCCCAGCCCTGGGGTTGCCAGATTTGACTAAGCCCTTTGAACTCTTTGTCGACGAGAAGCAGGGCTACGCCAAAGGTGTCCTAACGCAAAAACTGGGACCTTGGCGTCGGCCGGTGGCCTACCTGTCCAAAAAGCTAGACCCAGTAGCAGCTGGGTGGCCCCCTTGCCTACGGATGGTAGCAGCCATTGCCGTACTGACAAAGGATGCAGGCAAGCTAACCATGGGACAGCCACTAGTCATTCTGGCCCCCCATGCAGTAGAGGCACTAGTCAAACAACCCCCCGACCGCTGGCTTTCCAACGCCCGGATGACTCACTATCAGGCCTTGCTTTTGGACACGGACCGGGTCCAGTTCGGACCGGTGGTAGCCCTGAACCCGGCTACGCTGCTCCCACTGCCTGAGGAAGGGCTGCAACACAACTGCCTTGATATCCTGGCCGAAGCCCACGGAACCCGACCCGACCTAACGGACCAGCCGCTCCCAGACGCCGACCACACCTGGTACACGGATGGAAGCAGTCTCTTACAAGAGGGACAGCGTAAGGCGGGAGCTGCGGTGACCACCGAGACCGAGGTAATCTGGGCTAAAGCCCTGCCAGCCGGGACATCCGCTCAGCGGGCTGAACTGATAGCACTCACCCAGGCCCTAAAGATGGCAGAAGGTAAGAAGCTAAATGTTTATACTGATAGCCGTTATGCTTTTGCTACTGCCCATATCCATGGAGAAATATACAGAAGGCGTGGGTGGCTCACATCAGAAGGCAAAGAGATCAAAAATAAAGACGAGATCTTGGCCCTACTAAAAGCCCTCTTTCTGCCCAAAAGACTTAGCATAATCCATTGTCCAGGACATCAAAAGGGACACAGCGCCGAGGCTAGAGGCAACCGGATGGCTGACCAAGCGGCCCGAAAGGCAGCCATCACAGAGACTCCAGACACCTCTACCCTCCTCATAGAAAATTCATCACCCTCTGGCGGCTCAAAAAGAACCGCCGACGGCAGCGAATTCGAG
dCas9 sigma activator,CDS,#ff797d,GCAGCTGCACGCGTAACTGTTCAGGACGCTGTAGAGAAAATTGGTAACCGTTTTGACCTGGTACTGGTCGCCGCGCGTCGCGCTCGTCAGATGCAGGTAGGCGGAAAGGATCCGCTGGTACCGGAAGAAAACGATAAAACCACTGTAATCGCGCTGCGCGAAATCGAAGAAGGTCTGATCAACAACCAGATCCTCGACGTTCGCGAACGCCAGGAACAGCAAGAGCAGGAAGCCGCTGAATTACAAGCCGTTACCGCTATTGCTGAAGGTCGTCGTTAA
TetA,CDS,#808000,TCCACCAACTTATCAGTGATAAAGAATCCGCGCGTTCAATCGGACCAGCGGAGGCTGGTCCGGAGGCCAGACGTGAAACCCAACATACCCCTGATCGTAATTCTGAGCACTGTCGCGCTCGACGCTGTCGGCATCGGCCTGATTATGCCGGTGCTGCCGGGCCTCCTGCGCGATCTGGTTCACTCGAACGACGTCACCGCCCACTATGGCATTCTGCTGGCGCTGTATGCGTTGGTGCAATTTGCCTGCGCACCTGTGCTGGGCGCGCTGTCGGATCGTTTCGGGCGGCGGCCAATCTTGCTCGTCTCGCTGGCCGGCGCCACTGTCGACTACGCCATCATGGCGACAGCGCCTTTCCTTTGGGTTCTCTATATCGGGCGGATCGTGGCCGGCATCACCGGGGCGACTGGGGCGGTAGCCGGCGCTTATATTGCCGATATCACTGATGGCGATGAGCGCGCGCGGCACTTCGGCTTCATGAGCGCCTGTTTCGGGTTCGGGATGGTCGCGGGACCTGTGCTCGGTGGGCTGATGGGCGGTTTCTCCCCCCACGCTCCGTTCTTCGCCGCGGCAGCCTTGAACGGCCTCAATTTCCTGACGGGCTGTTTCCTTTTGCCGGAGTCGCACAAAGGCGAACGCCGGCCGTTACGCCGGGAGGCTCTCAACCCGCTCNNNNNNNNNCGGTGGGCCCGGGGCATGACCGTCGTCGCCGCCCTGATGGCGGTCTTCTTCATCATGCAACTTGTCGGACAGGTGCCGGCCGCGCTTTGGGTCATTTTCGGCGAGGATCGCTTTCACTGGGACGCGACCACGATCGGCATTTCGCTTGCCGCATTTGGCATTCTGCATTCACTCGCCCAGGCAATGATCACCGGCCCTGTAGCCGCCCGGCTCGGCGAAAGGCGGGCACTCATGCTCGGAATGATTGCCGACGGCACAGGCTACATCCTGCTTGCCTTCGCGACACGGGGATGGATGGCGTTCCCGATCATGGTCCTGCTTGCTTCGGGTGGCATCGGAATGCCGGCGCTGCAAGCAATGTTGTCCAGGCAGGTGGATGAGGAACGNCAGGGGCAGCTGCAAGGCTCACTGGCGGCGCTCACCAGCCTGACCTCGATCGTCGGACCCCTCCTCTTCACGGCGATCTATGCGGCTTCTATAACAACGTGGAACGGGTGGGCATGGATTGCAGGCGCTGCCCTCTACTTGCTCTGCCTGCCGGCGCTGCGTCGCGGGCTTTGGAGCGGCGCAGGGCAACGAGCCGATCGC
linker,CDS,salmon,TCTGGAGGATCTAGCGGAGGATCCTCTGGCAGC
LacZ alpha,CDS,#6495ed,TGGCGTAATAGCGAAGAGGCCCGCACCGATCGCCCTTCCCAACAGTTGCGCAGCCTGAATGGCGAATGG
"RBS 1.00 strength, BBa_B0034",RBS,cyan,AAAGAGGAGAAA
AmpR RBS,RBS,green,AACCCTGATAAATGCTTCAATAATATTGAAAAAGGAAGANT
JBL rbs,RBS,cyan,AGGAGGAAGGATCT
kozak,RBS,#b3cde3,GCCACCATGG
"RBS 0.07 strength, BBa_B0031",RBS,cyan,TCACACAGGAAACC
"RBS 0.30 strength, BBa_B0032",RBS,cyan,TCACACAGGAAAG
"RBS 0.01 strength, BBa_B0033",RBS,cyan,TCACACAGGAC
RFP targeting region,gRNA,#ff0000,AACTTTCAGTTTAGCGGTCT
GFP targeting region,gRNA,#80ff00,CATCTAATTCAACAAGAATT
P1 targeting region,gRNA,salmon,agtcgcgtgtagcgaagca
miR203,misc_RNA,#8000fe,CTCAGCCTCCTTGGTGCAGTGGTTCTTAACAGTTCAACAGTTCTCTATCATAATTGTGAAATGTTTAGGACCACTTGACCAGCGAGGCCCGGGCATCG
"c-amp2 binding, BBa_R0080, AraC",misc_binding,#ffff00,TAACAAAAGTGTCTATAATCACGGCAG
"c-amp1 binding, BBa_R0080, AraC",misc_binding,#ffff00,TTGATTATTTGCACGGCGTCACACTTTGCTATGCCATAGCATTTTTATCCATAAGATTAGC
LoxP,misc_recomb,steel blue,ATAACTTCGTATAGCATACATTATACGAAGTTAT
FRT,misc_recomb,orchid,GAAGTTCCTATTCTCTAGAAAGTATAGGAACTTC
"Colony PCR, Ec-F2",primer_bind,#ff6666,ACGCAGAAGCGGTCTGATAAAACAGAATT
"Colony PCR, Ec-R",primer_bind,#ff6666,CGCGGCCTTTTTACGGTTC
"Colony PCR, Ec-F",primer_bind,#ff6666,GGGTTATTGTCTCATGAGCGGATACATATTTG
hU6 promoter,promoter,#decbe4,AAGGTCGGGCAGGAAGAGGGCCTATTTCCCATGATTCCTTCATATTTGCATATACGATACAAGGCTGTTAGAGAGATAATTAGAATTAATTTGACTGTAAACACAAAGATATTAGTACAAAATACGTGACGTAGAAAGTAATAATTTCTTGGGTAGTTTGCAGTTTTAAAATTATGTTTTAAAATGGACTATCATATGCTTACCGTAACTTGAAAGTATTTCGATTTCTTGGCTTTATATATCTTGTGGAAAGGACG
"pLacO2, ZC082818",promoter,#008080,AATTGACAATGTGAGCGAGTAACAAGATACTGAGCACA
"Lac promoter, BBa_R0011",promoter,#008080,AATTGTGAGCGGATAACAATTGACATTGTGAGCGGATAACAAGATACTGAGCACA
Ara Promoter,promoter,#008000,ACCTGACGCTTTTTATCGCAACTCTCTACT
"pLux inducible promoter, R0062",promoter,#008080,ACCTGTAGGATCGTACAGGTTTACGCAAGAAAATGGTTTGTTATAGTCGAATAAA
"pSal, J61051",promoter,#008080,CGCAATATTCATGTTGATGATTTATTATATATCGAGTGGTGTATTTATTTATATTGTTTGCTCCGTTACCGTTATTAAC
CMV promoter,promoter,cornflower blue,CGTTACATAACTTACGGTAAATGGCCCGCCTGGCTGACCGCCCAACGACCCCCGCCCATTGACGTCAATAATGACGTATGTTCCCATAGTAACGCCAATAGGGACTTTCCATTGACGTCAATGGGTGGAGTATTTACGGTAAACTGCCCACTTGGCAGTACATCAAGTGTATCATATGCCAAGTNCGCCCCCTATTGACGTCAATGACGGTAAATGGCCCGCCTGGCATTATGCCCAGTACATGACCTTANGGGACTTTCCTACTTGGCAGTACATCTACGTATTAGTCATCGCTATTACCATGGTGATGCGGTTTTGGCAGTACANCAATGGGCGTGGATAGCGGTTTGACTCACGGGGATTTCCAAGTCTCCACCCCATTGACGTCAATGGGAGTTTGTTTTGGCACCAAAATCAACGGGACTTTCCAAAATGTCGTAANAACNCCGCCCCNTTGACGCAAATGGGCGGTAGGCGTGTACGGTGGGAGGTCTATATAAGCAGAGCTCGTTTAGTGAACCGTCAGA
"J23108, 0.51, Constitutive Promoter",promoter,#408000,CTGACAGCTAGCTCAGTCCTAGGTATAATGCTAGC
"J23103, 0.01, Constitutive Promoter",promoter,#408000,CTGATAGCTAGCTCAGTCCTAGGGATTATGCTAGC
"J23113, 0.01, Constitutive Promoter",promoter,#408000,CTGATGGCTAGCTCAGTCCTAGGGATTATGCTAGC
"pTac promoter (LacI), BBa_K864400",promoter,#0f7ffe,GAGCTGTTGACAATTAATCATCGGCTCGTATAATGTGTGGAATTGTGAGCGGATAACAATT
"Chick U6.3 Promoter, Bronner lab",promoter,#408000,GCGCCGCCGCTCCTTCAGGCACTGCCGACGACAGCCCAGGCGGAGGTCCTGAGCGCCGGCGCTAAATTTGCATAAAGAACTACCCAGGAGCCCTCGCGCGCGGAAACGGGCAAAAAGGGGCTTCTAATATGGAAATATTACGCCGAATCGCGTTACAAATCGGCTAAGCGGGCCTAAGAGTTAACAAGATGTGCTATTAAGCGGAGCCTTTTGGTGGGAAGAAATGGAGTAGTCACTGTGTTCTAAAAGAACTTGCAGAATGAGCCTTTAAATACCGCAGTCTCGATGCTCTTAGTCGGAT
"pAraC, BBa_R0080",promoter,#008080,GCGTAACAAAAGTGTCTATAATCACGGCAGAAAAGTCCACATTGATTATTTGCACGGCGTCACACTTTGCTATGCCATAGCATTTTTATCCATAAGATTAGCGGATCCTACCTGACGCTTTTTATCGCAACTCTCTACTGTTTCTCCAT
PGK promoter,promoter,#decbe4,GGGTAGGGGAGGCGCTTTTCCCAAGGCAGTCTGGAGCATGCGCTTTAGCAGCCCCGCTGGGCACTTGGCGCTACACAAGTGGCCTCTGGCCTCGCACACATTCCACATCCACCGGTAGGCGCCAACCGGCTCCGTTCTTTGGTGGCCCCTTCGCGCCACCTTCTACTCCTCCCCTAGTCAGGAAGTTCCCCCCCGCCCCGCAGCTCGCGTCGTGCAGGACGTGACAAATGGAAGTAGCACGTCTCACTAGTCTCGTGCAGATGGACAGCACCGCTGAGCAATGGAAGCGGGTAGGCCTTTGGGGCAGCGGCCAATAGCAGCTTTGCTCCTTCGCTTTCTGGGCTCAGAGGCTGGGAAGGGGTGGGTCCGGGGGCGGGCTCAGGGGCGGGCTCAGGGGCGGGGCGGGCGCCCGAAGGTCCTCCGGAGGCCCGGCATTCTGCACGCTTCAAAAGCGCACGTCTGCCGCGCTGTTCTCCTCTTCCTCATCTCCGGGCCTTTCG
Constitutive Promoter Motif,promoter,#408000,NTNANNGCTAGCTCAGTCCTAGGNANNNTNCTAGN
ADH1 promoter,promoter,#408000,TAAAACAAGAAGAGGGTTGACTACATCACGATGAGGGGGATCGAAGAAATGATGGTAAATGAAATAGGAAATCAAGGAGCATGAAGGCAAAAGACAAATATAAGGGTCGAACGAAAAATAAAGTGAAAAGTGTTGATATGATGTATTTGGCTTTGCGGCGCCGAAAAAACGAGTTTACGCAATTGCACAATCATGCTGACTCTGTGGCGGACCCGCGCTCTTGCCGGCCCGGCGATAACGCTGGGCGTGAGGCTGTGCCCGGCGGAGTTTTTTGCGCCTGCATTTTCCAAGGTTTACCCTGCGCTAAGGGGCGAGATTGGAGAAGCAATAAGAATGCCGGTTGGGGTTGCGATGATGACGACCACGACAACTGGTGTCATTATTTAAGTTGCCGAAAGAACCTGAGTGCATTTGCAACATGAGTATACTAGAAGAATGAGCCAAGACTTGCGAGACGCGAGTTTGCCGGTGGTGCGAACAATAGAGCGACCATGACCTTGAAGGTGAGACGCGCATAACCGCTAGAGTACTTTGAAGAGGAAACAGCAATAGGGTTGCTACCAGTATAAATAGACAGGTACATACAACACTGGAAATGGTTGTCTGTTTGAGTACGCTTTCAATTCATTTGGGTGTGCACTTTATTATGTTACAATATGGAAGGGAACTTTACACTTCTCCTATGCACATATATTAATTAAAGTCCAATGCTAGTAGAGAAGGGGGGTAACACCCCTCCGCGCTCTTTTCCGATTTTTTTCTAAACCGTGGAATATTTCGGATATCCTTTTGTTGTTTCCGGGTGTACAATATGGACTTCCTCTTTTCTGGCAACCAAACCCATACATCGGGATTCCTATAATACCTTCGTTGGTCTCCCTAACATGTAGGTGGCGGAGGGGAGATATACAATAGAACAGATACCAGACAAGACATAATGGGCTAAACAAGACTACACCAATTACACTGCCTCATTGATGGTGGTACATAACGAACTAATACTGTAGCCCTAGACTTGATAGCCATCATCATATCGAAGTTTCACTACCCTTTTTCCATTTGCCATCTATTGAAGTAATAATAGGCGCATGCAACTTCTTTTCTTTTTTTTTCTTTTCTCTCTCCCCCGTTGTTGTCTCACCATATCCGCAATGACAAAAAAATGATGGAAGACACTAAAGGAAAAAATTAACGACAAAGACAGCACCAACAGATGTCGTTGTTCCAGAGCTGATGAGGGGTATCTNNNNNCACACGAAACTTTTTCCTTCCTTCATTGACCTGCAATTATTAATCTTTTGTTTCCTCGTCATTGTTCTCGTTCCCTTTCTTCCTTGTTTCTTTTTCTGCACAATATTTCAAGCTATACCAAGCATACAA
"TetR repressible promotor, BBa_R0040",promoter,#408000,TCCCTATCAGTGATAGAG
SV40 promoter,promoter,cornflower blue,TGCATCTCAATTAGTCAGCAACCATAGTCCCGCCCCTAACTCCGCCCATCCCGCCCCTAACTCCGCCCAGTTCCGCCCATTCTCCGCCCCATGGCTGACTAATTTTTTTTATTTATGCAGAGGCCGAGGCCGCCTCGGCCTCTGAGCTATTCCAGAAGTAGTGAGGAGGCTTTTTTGGAGGCCTAGGCTTTTGCAAA
AmpR promotor,promoter,#408000,TTCAAATATGTATCCGCTCATGAGACAAT
SV40 promoter,promoter,blue,TTCTGTGGAATGTGTGTCAGTTAGGGTGTGGAAAGTCCCCAGGCTCCCCAGCAGGCAGAAGTATGCAAAGCATGCATCTCAATTAGTCAGCAACCAGGTGTGGAAAGTCCCCAGGCTCCCCAGCAGGCAGAAGTATGCAAAGCATGCATCTCAATTAGTCAGCAACCATAGTCCCGCCCCTAACTCCGCCCATCCCGCCCCTAACTCCGCCCAGTTCCGCCCATTCTCCGCCCCATGGCTGACTAATTTTTTTTATTTATGCAGAGGCCGAGGCCGCCTCTGCCTCTGAGCTATTCCAGAAGTAGTGAGGAGGCTTTTTTGGAGGCCTAGGCTTTTGCAAAAAG
"J23116, 0.16, Constitutive Promoter",promoter,#408000,TTGACAGCTAGCTCAGTCCTAGGGACTATGCTAGC
"J23117, 0.06, Constitutive Promoter",promoter,#408000,TTGACAGCTAGCTCAGTCCTAGGGATTGTGCTAGC
"J23119, 1.00  Constitutive Promoter",promoter,#408000,TTGACAGCTAGCTCAGTCCTAGGTATAATACTAGT
"J23100, 1.00, Constitutive Promotor",promoter,#408000,TTGACGGCTAGCTCAGTCCTAGGTACAGTGCTAGC
"J23109, 0.04, Constitutive Promoter",promoter,#408000,TTTACAGCTAGCTCAGTCCTAGGGACTGTGCTAGC
"J23110, 0.33, Constitutive Promoter",promoter,#408000,TTTACGGCTAGCTCAGTCCTAGGTACAATGCTAGC
"J23105, 0.24, Constitutive Promoter",promoter,#408000,TTTACGGCTAGCTCAGTCCTAGGTACTATGCTAGC
"J23114, 0.10, Constitutive Promoter",promoter,#408000,TTTATGGCTAGCTCAGTCCTAGGTACAATGCTAGC
"J23101, 0.70, Constitutive Promoter",promoter,#408000,tttacagctagctcagtcctaggtattatgctagc
"J23107, 0.36, Constitutive Promoter",promoter,#408000,tttacggctagctcagccctaggtattatgctagc
LuxR/HSL2,protein_bind,cyan,AACTTGCGACAAACAATAGGT
dCas9 handle conserved region B,protein_bind,#004080,AAGGCTAGTCCG
3'UTR polyA signal,protein_bind,pink,AATAAA
"araO1, BBa_R0080",protein_bind,#004080,ACAAAAGTGTCTATAATCACGGCAGAAAAGTCCACATT
3'UTR misc signal,protein_bind,pink,ACAAGTC
3'UTR QKI signal,protein_bind,pink,ACACTA
3'UTR RBMX signal,protein_bind,pink,ACCAAA
LuxR/HSL1,protein_bind,cyan,ACCTGTACGATCCTACAGGT
3'UTR misc signal,protein_bind,pink,ACTCTG
3'UTR misc signal,protein_bind,pink,ATGAGAC
LacO2,protein_bind,#073f80,ATGTGAGCGAGTAACAA
3'UTR ARE signal,protein_bind,pink,ATTTTTA
3'UTR misc signal,protein_bind,pink,CAAACAGA
dCas9 handle fe region A',protein_bind,#0080ff,CAGCATAGCAAGTTTAAAT
LacO3,protein_bind,#00007f,CAGTGAGCGCAACGCAA
3'UTR misc signal,protein_bind,pink,CCAAAG
3'UTR SRP14 signal,protein_bind,pink,CCTGTA
3'UTR SRSF6 signal,protein_bind,pink,CTCAGG
"PhoA signal peptide, secretion",protein_bind,#fdcc65,GAAACAGTCTACCATCGCTCTGGCTCTGCTGCCGCTGCTGTTCACCCCGGTTACCAAAGCTATGAA
"CAP binding site, glucose sensing, BBa_R0010",protein_bind,#ffff00,GAGCGCAACGCAATTAATGTGAGTTAGCTCACTCATTAGG
ms2 loop,protein_bind,cantaloupe,GCGCACATGAGGATCACCCATGTGC
"SsrA degradation tag, fast, BBa_M0051",protein_bind,#d40037,GCTGCTAACGACGAAAACTACAACTACGCTGACGCTTCT
"SsrA degradation tag, very fast, BBa_M0050",protein_bind,#d40037,GCTGCTAACGACGAAAACTACGCTCTGGCTGCT
"SsrA degradation tag, moderate, BBa_M0052",protein_bind,#d40037,GCTGCTAACGACGAAAACTACGCTGACGCTTCT
3'UTR HNRNPA1 signal,protein_bind,pink,GGAGCC
3'UTR SRSF2 signal,protein_bind,pink,GGCCCCTG
3'UTR misc signal,protein_bind,pink,GGGCTG
"LacI binding site, IPTG inducer, BBa_R0010",protein_bind,#ff8040,GTTGTGTGGAATTGTGAGCGGATAACAATTTCACA
dCas9 handle fe region A,protein_bind,#0080ff,GTTTAAGAGCTATGCTG
dCas9 handle conserved region A,protein_bind,#0080ff,GTTTTAGAGCTA
3'UTR misc signal,protein_bind,pink,TACTAAGA
dCas9 handle conserved region A',protein_bind,#0080ff,TAGCAAGTTAAAAT
3'UTR misc signal,protein_bind,pink,TATGCA
3'UTR ARE signal,protein_bind,pink,TATTTAT
3'UTR PUM1 signal,protein_bind,pink,TGTAAATA
3'UTR misc signal,protein_bind,pink,TGTGG
3'UTR misc signal,protein_bind,pink,TTCTGAG
LacO1,protein_bind,#004080,TTGTGAGCGGATAACAA
"LVA degradation tag, BBa_C0012",protein_binding,#ffff00,CAGGCTGCAAACGACGAAAACTACGCTTTAGTAGCTTAATA
M13 origin,rep_origin,#ff8000,ACGCGCCCTGTAGCGGCGCATTAAGCGCGGCGGGTGTGGTGGTTACGCGCAGCGTGACCGCTACACTTGCCAGCGCCCTAGCGCCCGCTCCTTTCGCTTTCTTCCCTTCCTTTCTCGCCACGTTCGCTTTCCCCGTCAAGCTCTAAATCGGGGGCTCCCTTTAGGGTTCCGATTTAGTGCTTTACGGCACCTCGACCCCAAAAAACTTGATTNGGGTGATGGTTCACGTAGTGGGCCATCGCCCTGATAGACGGTTTTTCGCCCTTTGACGTTGGAGTCCACGTTCTTTAATAGTGGACTCTTGTTCCAAACTGGAACAACACTCAACCCTATCTCGGNCTATTCTTTTGATTTATAAGGGATTTTGCCGATTTCGGCCTATTGGTTAAAAAATGAGCTGATTTAACAAAAATTTAACGCGAATTTTAACAAAATATTAACGTTTACAATTT
F1 ori groupA,rep_origin,#ff8000,GCATTAAGCGCGGCGGGTGTGGTGGTTACGCGCAGCGTGACCGCTACACTTGCCAGCGCCCTAGCGCCCGCTCCTTTCGCTTTCTTCCCTTCCTTTCTCGCCACGTTCGCCGGCTTTCCCCGTCAAGCTCTAAATCGGGGNNTCCCTTTAGGGTTCCGATTTAGTGCTTTACGGCACCTCGACCCCAAAAAACTTGATTNGGGTGATGGTTCACGTAGTGGGCCATCGCCCTGATAGACGGTTTTTCGCCCTTTGACGTTGGAGTCCACGTTCTTTAATAGTGGACTCTTGTTCCAAACTGGAACAA
p15A origin groupB,rep_origin,#ff8000,GGATATATTCCGCTTCCTCGCTCACTGACTCGCTACGCTCGGTCGTTCGACTGCGGCGAGCGGAAATGGCTTACGAACGGGGCGGAGATTTCCTGGAAGATGCCAGGAAGATACTTAACAGGGAAGTGAGAGGGCCGCGGCAAAGCCGTTTTTCCATAGGCTCCGCCCCCCTGACAAGCATCACGAAATCTGACGCTCAAATCAGTGGTGGCGAAACCCGACAGGACTATAAAGATACCAGGCGTTTCCCCCTGGCGGCTCCCTCGTGCGCTCTCCTGTTCCTGCCTTTCGGTTTACCGGTGTCATTCCGCTGTTATGGCCGCGTTTGTCTCATTCCACGCCTGACACTCAGTTCCGGGTAGGCAGTTCGCTCCAAGCTGGACTGTATGCACGAACCCCCCGTTCAGTCCGACCGCTGCGCCTTATCCGGTAACTATCGTCTTGAGTCCAACCCGGAAAGACATGCAAAAGCACCACTGGCAGCAGCCACTGGTAATTGATTTAGAGGAGTTAGTCTTGAAGTCATGCGCCGGTTAAGGCTAAACTGAAAGGACAAGTTTTGGTGACTGCGCTCCTCCAAGCCAGTTACCTCGGTTCAAAGAGTTGGTAGCTCAGAGAACCTTCGAAAAACCGCCCTGCAAGGCGGTTTTTTCGTTTTCAGAGCAAGAGATTACGCGCAGACCAAAACGATCTCAAGAAGATCATCTTATTAATCAGATAAAATATTTCTAGATTTCAGTGCAATTTATCTCTTCAAATGTAGCACCTGAAGTCAGCCCCATACGATATAAGTTGTT
ColE1 origin groupA,rep_origin,#ff8000,TCATGACCAAAATCCCTTAACGTGAGTTTTCGTTCCACTGAGCGTCAGACCCCGTAGAAAAGATCAAAGGATCTTCTTGAGATCCTTTTTTTCTGCGCGTAATCTGCTGCTTGCAAACAAAAAAACCACCGCTACCAGCGGTGGTTTGTTTGCCGGATCAAGAGCTANCAACTCTTTTTCCGAAGGTAACTGGCTTCAGCAGAGCGCAGATACCAAATACTGTNCTTCTAGTGTAGCCGTAGTTAGGCCACCACTTCAAGAACTCTGTAGCACCGCCTACATACCTCGCTCTGCTAATCCTGTTACCAGTGGCTGCTGCCAGTGGCGATAAGTCGTGTCTTACCGGGTTGGACTCAAGACGATAGTTACCGGATAAGGCGCAGCGGTCGGGCTGAACGGGGGGTTCGTGCACACAGCCCAGCTTGGAGCGAACGACCTACACCGAACTGAGATACCTACAGCGTGAGCNNTGAGAAAGCGCCACGCTTCCCGAAGGGAGAAAGGCGGACAGGTATCCGGTAAGCGGCAGGGTCGGAACAGGAGAGCGCACGAGGGAGCTTCCAGGGGGNAACGCCTGGTATCTTTATAGTCCTGTCGGGTTTCGCCACCTCTGACTTGAGCGTCGATTTTTGTGATGCTCGTCAGGGGGGCNGAGCCTATSGAAAAACGCCAGCAACGCGGCC
oriR101 heat sensitive origin,rep_origin,#fc8008,TCTCAATTGGTCTAGGTGATTTTAATCACTATACCAATTGAGATGGGCTAGTCAATGATAATTACTAGTCCTTTTCCTTTGAGTTGTGGGTATCTGTAAATTCTGCTAGACCTTTGCTGGAAAACTTGTAAATTCTGCTAGACCCTCTGTAAATTCCGCTAGACCTTTGTGTGTTTTTTTTGTTTATATTCAAGTGGTTATAATTTATAGAATAAAGAAAGAATAAAAAAAGATAAAAAGAATAGATCCCAGCCCTGTGTATAACTCACTACTTTAGTCAGTTCCGCAGTATTACAAAAGGATGTCGCAAACGCTGTTTGCTCCTCTACAAAACAGACCTTAAAACCCTAAAGGCTTAAGTAGCACCCTCGCAAGCTCGGTTGCGGCCGCAATCGGGCAAATCGCTGAATATTCCTTTTGTCTCCGACCATCAGGCACCTGAGTCGCTGTCTTTTTCGTGACATTCAGTTCGCTGCGCTCACGGCTCTGGCAGTGAATGGGGGTAAATGGCACTACAGGCGCCTTTTATGGATTCATGCAAGGAAACTACCCATAATACAAGAAAAGCCCGTCACGGGCTTCTCAGGGCGTTTTATGGCGGGTCTGCTATGTGGTGCTATCTGACTTTTTGCTGTTCAGCAGTTCCTGCCCTCTGATTTTCCAGTCTGACCACTTCGGATTATCCCGTGACAGGTCATTCAGACTGGCTAATGCACCCAGTAAGGCAGCGGTATCATCAAC
pUC origin groupA,rep_origin,orange,TTGAGATCCTTTTTTTCTGCGCGTAATCTGCTGCTTGCAAACAAAAAAACCACCGCTACCAGCGGTGGTTTGTTTGCCGGATCAAGAGCTACCAACTCTTTTTCCGAAGGTAACTGGCTTCAGCAGAGCGCAGATACCAAATACTGTTCTTCTAGTGTAGCCGTAGTTAGCCCACCACTTCAAGAACTCTGTAGCACCGCCTACATACCTCGCTCTGCTAATCCTGTTACCAGTGGCTGCTGCCAGTGGCGATAAGTCGTGTCTTACCGGGTTGGACTCAAGACGATAGTTACCGGATAAGGCGCAGCGGTCGGGCTGAACGGGGGGTTCGTGCACACAGCCCAGCTTGGAGCGAACGACCTACACCGAACTGAGATACCTACAGCGTGAGCTATGAGAAAGCGCCACGCTTCCCGAAGGGAGAAAGGCGGACAGGTATCCGGTAAGCGGCAGGGTCGGAACAGGAGAGCGCACGAGGGAGCTTCCAGGGGGAAACGCCTGGTATCTTTATAGTCCTGTCGGGTTTCGCCACCTCTGACTTGAGCGTCGATTTTTGTGATGCTCGTCAGGGGGGCGGAGCCTATGGAAAAACGCCAGCAACGCGGCCTTTTTACGGTTCCTGGCCTTTTGCTGGCCTTTTGCTCACATGTTCTTTCCTGCGTTATCCCCTGATTCTGTGGATAACCGTATTACCGCCTTTGAGTGAGCTGATACCGCTCG
BspMI,restriction,red,ACCTGCNNNN
PaqCI,restriction,red,CACCTGCNNNN
BsmBI,restriction,red,CGTCTCN
Esp3I,restriction,red,CGTCTCN
Eam1104I,restriction,red,CTCTTCN
BbsI,restriction,red,GAAGACNN
HgaI,restriction,red,GACGCNNNNN
SfaNI,restriction,red,GCATCNNNNN
BtgZI,restriction,red,GCGATGNNNNNNNNNN
BspQI,restriction,red,GCTCTTCN
SapI,restriction,red,GCTCTTCN
BsaI,restriction,red,GGTCTCN
"Forward Terminator, BBa_B1006",terminator,#804000,AAAAAAAAACCCCGCCCCTGACAGGGCGGGGTTTTTTTT
"Bidirectional Terminator, BBa_B0050",terminator,#804000,AAAAAAAGGATCTCAAGAAGATCCTTTGATTTT
pHP14 RBS protecting hairpin,terminator,#804000,ACGTCGACTCTCGAGTGAGATTGTTGACGGTACCGTATTTT
"SV40 terminator, BBa_K678012",terminator,#FC8008,ATTCCGATAACTTGTTTATTGCAGCTTATAATGGTTACAAATAAAGCAATAGCATCACAAATTTCACAAATAAAGCATTTTTTTCACTGCATTCTAGTTGTGGTTTGTCCAAACTCATCAATGTATCTTATCATGTCTG
t500 Terminator,terminator,#804000,CAAAGCCCGCCGAAAGGCGGGCTTTTTTTT
SV40 polyA,terminator,brown,CCAACTTGTTTATTGCAGCTTATAATGGTTACAAATAAAGCAATAGCATCACAAATTTCACAAATAAAGCATTTTTTTCACTGCATTCTAGTTGTGGTTTGTCCAAACTCATCAATGTATCTTATCATGTC
"rrnB Term, BBa_B0010",terminator,#804000,CCAGGCATCAAATAAAACGAAAGGCTCAGTCGAAAGACTGGGCCTTTCGTTTTATCTGTTGTTTGTCGGTGAACGCTCTC
"Forward Terminator, BBa_B1002",terminator,#804000,CGCAAAAAACCCCGCTTCGGCGGGGTTTTTTCGC
"Forward Terminator, BBa_B1003",terminator,#804000,CGCCAAAAACCCCGCTTCGGCGGGGTTTTTCCGC
"Forward Terminator, BBa_B1004",terminator,#804000,CGCCGAAAACCCCGCTTCGGCGGGGTTTTGCCGC
"Forward Terminator, BBa_B1010",terminator,#804000,CGCCGCAAACCCCGCCCCTGACAGGGCGGGGTTTCGCCGC
hGH polyA signal,terminator,pink,CGGGTGGCATCCCTGTGACCCCTCCCCAGTGCCTCTCCTGGCCCTGGAAGTTGCCACTCCAGTGCCCACCAGCCTTGTCCTAATAAAATTAAGTTGCATCATTTTGTCTGACTAGGTGTCCTTCTATAATATTATGGGGTGGAGGGGGGTGGTATGGAGCAAGGGGCAAGTTGGGAAGACAACCTGTAGGGCCTGCGGGGTCTATTGGGAACCAAGCTGGAGTGCAGTGGCACAATCTTGGCTCACTGCAATCTCCGCCTCCTGGGTTCAAGCGATTCTCCTGCCTCAGCCTCCCGAGTTGTTGGGATTCCAGGCATGCATGACCAGGCTCAGCTAATTTTTGTTTTTTTGGTAGAGACGGGGTTTCACCATATTGGCCAGGCTGGTCTCCAACTCCTAATCTCAGGTGATCTACCCACCTTGGCCTCCCAAATTGCTGGGATTACAGGCGTGAACCACTGCTCCCTTCCCTGTCCTTCTG
"Forward Terminator, BBa_K864601",terminator,#804000,CTGTAACAGAGCATTAGCGCAAGGTGATTTTTGTCTTCTTGCGCTAATTTTTT
sTRSV ribozyme,terminator,#804000,CTGTCACCGGATGTGCTTTCCGGTCTGATGAGTCCGTGAGGACGAAACAG
T0 terminator,terminator,#804000,GCTTGGACTCCTGTTGATAGATCCAGTAATGACCTCAGAACTCCATCTGGATTTGTTCAGAACGCTCGGTTGCCGCCGGGCGTTTTTTATTGGTGAGAATCCAAGC
S. pyog terminator,terminator,#9d1b1c,GGCACCGAGTCGGTGCTTTTTTT
SV40 polyA,terminator,#fed9a6,TAAGATACATTGATGAGTTTGGACAAACCACAACTAGAATGCAGTGAAAAAAATGCTTTATTTGTGAAATTTGTGATGCTATTGCTTTATTTGTAACCATTATAAGCTGCAATAAACAAGTT
"Bidrectional Terminator, BBa_B0023",terminator,#804000,TATAAACGCAAAAAGGCCCACCCGAAGGTGAGCCAGTTTGATTTTTT
"coliphage T7 term, BBa_B0012",terminator,#804000,TCACACTGGCTCACCTTCGGGTGGGCCTTTCTGCGTTTATA
"His Terminator, BBa_B0053",terminator,brown,TCCGGCAAAAAAACGGGCAAGGTGTCACCACCCTGCCCTTTTTCTTTAAAACCGAAAAGATTACTTCGCG
rrnB term,terminator,#804000,TGCCTGGCGGCAGTAGCGCGGTGGTCCCACCTGACCCCATGCCGAACTCAGAAGTGAAACGCCGTAGCGCCGATGGTAGTGTGGGGTCTCCCCATGCGAGAGTAGGGAACTGCCAGGCATCAAATAAAACGAAAGGCTCAGTCGAAAGACTGGGCCTT
